,level_0,index,Course,Primary Instructor,Average Grade
0,0,0,AAS 100,"Atienza, Paul Michael L",3.5
1,1,1,AAS 100,"Chung, Ga Young",3.785
2,2,2,AAS 100,"Lee, Jean Y",3.61
3,3,3,AAS 246,"Kwon, Soo Ah",3.93
4,4,4,AAS 258,"Rana, Junaid",3.92
5,5,5,ABE 100,"Green, Angela R",3.69
6,6,6,ABE 223,"Grift, Tony E",3.75
7,7,7,ABE 224,"Bhattarai, Rabin",3.78
8,8,8,ABE 430,"Davidson, Paul C",3.94
9,9,9,ABE 466,"Hansen, Alan C",3.55
10,10,10,ABE 488,"Singh, Vijay",3.8
11,11,11,ACCY 200,"Silhan, Peter A",3.26
12,12,12,ACCY 201,"Chen, Monica S",2.55
13,13,13,ACCY 201,"Coady, Jennifer J",2.9299999999999997
14,14,14,ACCY 201,"Gebhardt, Abbey L",2.955
15,15,15,ACCY 201,"Jones, Brock A",3.06
16,16,16,ACCY 201,"Pietura, Magdalena",2.715
17,17,17,ACCY 201,"Silver, Paige R",3.145
18,18,18,ACCY 201,"Valentine, Courtney M",3.0
19,19,19,ACCY 201,"Waddock, Madeleine K",3.0700000000000003
20,20,20,ACCY 201,"Zhu, Xiaoxiao",2.825
21,21,21,ACCY 202,"Agapito, Christina N",3.16
22,22,22,ACCY 202,"Schraiber, Rebecca L",3.24
23,23,23,ACCY 202,"Shen, Haoqing",3.16
24,24,24,ACCY 301,"Anderson, Spencer B",3.33
25,25,25,ACCY 301,"He, Shuoyuan",3.39
26,26,26,ACCY 301,"Sougiannis, Theodore",3.23
27,27,27,ACCY 301,"Wang, Zhiguang",3.356666666666667
28,28,28,ACCY 302,"Chen, Xiaoling",3.365
29,29,29,ACCY 302,"Finnegan, Thomas",3.323333333333333
30,30,30,ACCY 302,"Wu, Martin G",3.37
31,31,31,ACCY 303,"Brown, Timothy J",3.3166666666666664
32,32,32,ACCY 303,"Li, Wei",3.28
33,33,33,ACCY 304,"Koo, Seung Hyun",3.293333333333333
34,34,34,ACCY 304,"Wang, Wei",3.3466666666666662
35,35,35,ACCY 312,"Bauer, Andrew M",3.296666666666667
36,36,36,ACCY 312,"Donohoe, Michael P",3.3600000000000008
37,37,37,ACCY 405,"Bauer, Timothy D",3.35
38,38,38,ACCY 410,"Kustanovich, Michael",3.3766666666666665
39,39,39,ACCY 410,"Steward, Cynthia G",3.29
40,40,40,ACCY 415,"Ciconte, William",3.306666666666667
41,41,41,ACCY 451,"Bodtke, James E",3.266666666666667
42,42,42,ACCY 500,"Davis, Gregory L",3.56
43,43,43,ACCY 500,"Urcan, Oktay",3.205
44,44,44,ACCY 500,"Zhang, Li",3.375
45,45,45,ACCY 502,"Schwartz, Rachel",3.5033333333333334
46,46,46,ACCY 503,"Hecht, Gary W",3.575
47,47,47,ACCY 503,"Sandretto, Michael J",3.855
48,48,48,ACCY 504,"Chatterton, Angel",3.44
49,49,49,ACCY 505,"Cox, Sharon P",3.5766666666666667
50,50,50,ACCY 505,"Henderson, Belinda C",3.42
51,51,51,ACCY 510,"Hepp, John",3.455
52,52,52,ACCY 510,"Steward, Cynthia G",3.615
53,53,53,ACCY 511,"Abdel-Khalik, Ahmed R",3.695
54,54,54,ACCY 512,"Chandler, John S",3.635
55,55,55,ACCY 515,"Hobson, Jessen L",3.4899999999999998
56,56,56,ACCY 517,"Ibrahim, Adel Nematallah",3.4333333333333336
57,57,57,ACCY 518,"Nekrasz, Frank",3.98
58,58,58,ACCY 551,"Sternburg, Thomas",3.275
59,59,59,ACCY 552,"Johnson, Joseph A",3.44
60,60,60,ACCY 554,"Engle, Howard S",3.44
61,61,61,ACCY 556,"Chorvat, Elizabeth A",3.71
62,62,62,ACCY 558,"Whitlock, Brian T",3.86
63,63,63,ACCY 570,"Brunner, Robert J",3.66
64,64,64,ACCY 571,"Brunner, Robert J",3.67
65,65,65,ACE 100,"Gundersen, Lisa C",2.21
66,66,66,ACE 161,"Lo, Alexander C",3.7083333333333335
67,67,67,ACE 161,"Rogalla, Valerie",3.39
68,68,68,ACE 210,"Christensen, Peter",2.95
69,69,69,ACE 222,"Stoddard, Paul B",3.24
70,70,70,ACE 240,"Stoddard, Paul B",3.12
71,71,71,ACE 251,"Rios-Neto, Eduardo L",3.26
72,72,72,ACE 261,"Rubin, Ofir",2.88
73,73,73,ACE 306,"Endres, A B",2.96
74,74,74,ACE 341,"Barnard, Jessa M",3.75
75,75,75,ACE 341,"Finnegan, Ann B",3.77
76,76,76,ACE 345,"Paulson, Nicholas D",3.54
77,77,77,ACE 346,"Breen, John",3.51
78,78,78,ACE 406,"Endres, A B",2.98
79,79,79,ACE 411,"Baylis, Katherine R",3.56
80,80,80,ACE 427,"Mallory, Mindy L",3.27
81,81,81,ACE 428,"Cruz, Jose C",2.8
82,82,82,ACE 432,"Kuethe, Todd H",3.91
83,83,83,ACE 435,"Michelson, Hope C",3.52
84,84,84,ACE 444,"Schnitkey, Gary D",3.38
85,85,85,ACE 455,"Baylis, Katherine R",3.66
86,86,86,ACES 101,"Ang, Qi Qi Amanda",3.51
87,87,87,ACES 101,"Li, Kailiang",3.36
88,88,88,ACES 101,"Moore, Stephanie S",3.72
89,89,89,ACES 101,"Munaretto, Claire M",3.51
90,90,90,ACES 101,"Nelson, Scott B",3.705
91,91,91,ACES 101,"Palma Salgado, Sindy P",3.71
92,92,92,ACES 101,"Sizemore, Courtni R",3.5700000000000003
93,93,93,ACES 179,"Reid, Debra A",3.22
94,94,94,ADV 150,"Hall, Steven R",3.6799999999999997
95,95,95,ADV 281,"Wise, Kevin R",2.69
96,96,96,ADV 283,"Mabry-Flynn, Amanda D",3.77
97,97,97,ADV 283,"Raquel, Steve A",3.67
98,98,98,ADV 284,"Das, Susmita",3.68
99,99,99,ADV 284,"Duff, Brittany",3.67
100,100,100,ADV 310,"Yao, Mike Z",3.21
101,101,101,ADV 311,"Chambers, Jason P",3.49
102,102,102,ADV 390,"Sheldon, Peter S",3.15
103,103,103,ADV 410,"Oh, Sanghwa",3.53
104,104,104,ADV 460,"Ham, Chang Dae",3.44
105,105,105,ADV 460,"Hartmann, Nathaniel B",3.56
106,106,106,ADV 483,"Sar, Sela",3.53
107,107,107,ADV 483,"Wise, Kevin R",3.13
108,108,108,ADV 490,"Raquel, Steve A",3.62
109,109,109,ADV 490,"Yun, Joseph T",3.94
110,110,110,ADV 498,"Meron, Shachar",3.72
111,111,111,AE 100,"Geubelle, Philippe H",3.75
112,112,112,AE 100,"Langbort, Cedric",3.78
113,113,113,AE 100,"Woodard, Brian S",3.79
114,114,114,AE 199,"Woodard, Brian S",3.51
115,115,115,AE 202,"Chilan, Christian M",3.38
116,116,116,AE 311,"Selig, Michael S",2.94
117,117,117,AE 321,"Chasiotis, Ioannis",2.05
118,118,118,AE 352,"Ho, Koki",3.36
119,119,119,AE 353,"Voulgaris, Petros G",3.19
120,120,120,AE 402,"Prussing, John E",3.36
121,121,121,AE 412,"Bodony, Daniel J",3.54
122,122,122,AE 416,"Ansell, Phillip J",3.01
123,123,123,AE 433,"Panesi, Marco",3.2
124,124,124,AE 442,"Burton, Rodney L",3.2
125,125,125,AE 442,"D'Urso, Steven J",3.13
126,126,126,AE 451,"Balajewicz, Maciej",3.68
127,127,127,AE 454,"Namachchivaya, N S",3.6
128,128,128,AE 460,"Dutton, J C",3.7
129,129,129,AE 483,"Bretl, Timothy W",3.84
130,130,130,AFRO 100,"McMillion, Desiree Y",3.275
131,131,131,AFRO 101,"Cha-Jua, Sundiata",2.49
132,132,132,AFRO 261,"McDuffie, Erik S",3.64
133,133,133,AFRO 383,"McDuffie, Erik S",3.68
134,134,134,AFRO 411,"Neville, Helen A",3.2
135,135,135,AGCM 220,"Cupps-Miller, Heather A",3.49
136,136,136,AGCM 430,"Reisner, Ann E",3.59
137,137,137,AGED 230,"Keating, Kari H",3.69
138,138,138,AGED 260,"Burgoon, Lisa A",3.5
139,139,139,AGED 260,"Smist, Jennifer A",3.37
140,140,140,AGED 280,"Korte, Debra S",3.76
141,141,141,AGED 340,"Collins, Jasmine D",3.3
142,142,142,AGED 380,"Collins, Jasmine D",3.62
143,143,143,AGED 380,"Rosch, David M",3.69
144,144,144,AGED 480,"Keating, Kari H",3.86
145,145,145,AGED 499,"Korte, Debra S",3.79
146,146,146,AHS 199,"Rasberry, Moses K",3.8
147,147,147,AIS 285,"Maldonado, Korinta",3.58
148,148,148,ANSC 100,"Parrett, Douglas F",3.56
149,149,149,ANSC 103,"Cobb, Alan R",3.99
150,150,150,ANSC 206,"Kline, Kevin H",3.74
151,151,151,ANSC 207,"Ruiz-Rodriguez, Christina",3.5300000000000002
152,152,152,ANSC 207,"de Flamingh, Alida",3.6166666666666667
153,153,153,ANSC 221,"Beever, Jonathan E",2.93
154,154,154,ANSC 222,"Wheeler, Matthew B",2.53
155,155,155,ANSC 250,"Albert, Sarah D",3.44
156,156,156,ANSC 298,"Hurley, Walter L",3.92
157,157,157,ANSC 305,"Albert, Sarah D",3.66
158,158,158,ANSC 307,"Fischer-Brown, Amy E",2.75
159,159,159,ANSC 350,"Ridlon, Jason M",2.78
160,160,160,ANSC 370,"Fischer-Brown, Amy E",3.48
161,161,161,ANSC 401,"Parrett, Douglas F",3.79
162,162,162,ANSC 420,"Drackley, James K",3.01
163,163,163,ANSC 431,"Nowak, Romana A",3.33
164,164,164,ANSC 445,"Rodriguez-Zas, Sandra L",3.95
165,165,165,ANSC 452,"Dilger, Anna C",3.67
166,166,166,ANSC 467,"Johnson, Janeen L",3.65
167,167,167,ANSC 498,"Loerch, Steven C",3.82
168,168,168,ANSC 499,"Albert, Sarah D",3.92
169,169,169,ANTH 101,"Carter, Alison",2.98
170,170,170,ANTH 103,"Lee, Alexander J",3.19
171,171,171,ANTH 103,"Smalls, Krystal A",2.89
172,172,172,ANTH 104,"Kramer, Elise A",3.43
173,173,173,ANTH 143,"Clancy, Kathryn B",3.39
174,174,174,ANTH 160,"Rosas, Gilberto",3.15
175,175,175,ANTH 180,"Silverman, Helaine I",3.2
176,176,176,ANTH 182,"Maldonado, Korinta",3.46
177,177,177,ANTH 220,"Carter, Alison",3.68
178,178,178,ANTH 230,"Kramer, Elise A",3.605
179,179,179,ANTH 246,"Malhi, Ripan S",3.59
180,180,180,ANTH 277,"Pauketat, Timothy R",3.14
181,181,181,ANTH 399,"Farnell, Brenda M",3.62
182,182,182,ANTH 411,"Moodie, Ellen",3.58
183,183,183,ANTH 460,"Silverman, Helaine I",3.89
184,184,184,ARAB 150,"Saadah, Eman",3.57
185,185,185,ARCH 101,"Waldrep, Lee W",3.5
186,186,186,ARCH 231,"Taylor, Mark",3.4
187,187,187,ARCH 271,"Emmons, David J",2.76
188,188,188,ARCH 341,"Strand, Richard K",2.85
189,189,189,ARCH 342,"Boubekri, Mohamed",2.99
190,190,190,ARCH 351,"Mitalski, Marc A",3.26
191,191,191,ARCH 403,"Grossman, Heather E",3.31
192,192,192,ARCH 409,"Lapunzina, Alejandro",3.69
193,193,193,ARCH 412,"Grossman, Heather E",3.15
194,194,194,ARCH 417,"Burns, Jennifer",3.75
195,195,195,ARCH 451,"Aminmansour, Abbas",3.19
196,196,196,ARCH 451,"Lapunzina, Alejandro",3.46
197,197,197,ARCH 468,"Lapunzina, Alejandro",3.8
198,198,198,ARCH 476,"Lapunzina, Alejandro",3.3
199,199,199,ARCH 502,"Krishnan, Sudarshan",3.48
200,200,200,ARCH 577,"Stallmeyer, John C",2.96
201,201,201,ART 100,"Burns, Jennifer",3.66
202,202,202,ART 105,"Bai, Qiuailin",3.76
203,203,203,ART 105,"Carpenter, Joseph A",3.8
204,204,204,ART 310,"Goggin, Nan E",3.73
205,205,205,ARTD 218,"Thomas, Nekita S",3.67
206,206,206,ARTD 222,"Kwon, Linda E",3.59
207,207,207,ARTD 270,"Thomas, Nekita S",3.83
208,208,208,ARTD 328,"McDonagh, Deana C",3.675
209,209,209,ARTD 351,"Kwon, Linda E",3.62
210,210,210,ARTD 351,"Thomas, Nekita S",3.78
211,211,211,ARTD 371,"Benson, Eric",3.75
212,212,212,ARTD 418,"Kwon, Linda E",3.2
213,213,213,ARTD 426,"Weightman, David I",3.54
214,214,214,ARTF 101,"Kienke, Christopher",3.13
215,215,215,ARTH 112,"Belanger, Noelle C",2.68
216,216,216,ARTH 112,"Henry, Mollie A",3.36
217,217,217,ARTH 112,"Landau, Jessica",2.785
218,218,218,ARTH 112,"Richter, Sarah D",3.19
219,219,219,ARTH 211,"Weissman, Terri",3.1
220,220,220,ARTH 241,"Romberg, Kristin",3.26
221,221,221,ASTR 100,"Evans, Jessica M",3.255
222,222,222,ASTR 121,"Evans, Jessica M",3.12
223,223,223,ASTR 122,"Shen, Yue",3.08
224,224,224,ASTR 150,"Dunne, Bryan C",3.48
225,225,225,ASTR 210,"Mouschovias, Telemachos C",2.17
226,226,226,ASTR 330,"Looney, Leslie W",3.68
227,227,227,ASTR 404,"Ricker, Paul M",3.21
228,228,228,ASTR 406,"Dalal, Neal K",3.56
229,229,229,ATMS 100,"Frame, Jeffrey",3.33
230,230,230,ATMS 120,"Snodgrass, Eric R",3.76
231,231,231,ATMS 140,"Schlesinger, Michael E",3.42
232,232,232,ATMS 201,"Snodgrass, Eric R",3.7
233,233,233,ATMS 301,"Lasher-Trapp, Sonia",2.92
234,234,234,ATMS 302,"Wang, Zhuo",2.91
235,235,235,BADM 199,"White, B J",3.92
236,236,236,BADM 261,"Quarton, John E",3.95
237,237,237,BADM 300,"Wright, Margaret",3.7600000000000002
238,238,238,BADM 310,"Love, E G",3.35
239,239,239,BADM 310,"Shabbir, Muhammad S",3.9
240,240,240,BADM 311,"Goncalo, Jack",3.92
241,241,241,BADM 312,"Khessina, Olga",3.685
242,242,242,BADM 314,"Jang, Daisung",3.42
243,243,243,BADM 320,"Shabbir, Muhammad S",3.8
244,244,244,BADM 320,"Wolters, Mark E",3.9
245,245,245,BADM 321,"Shabbir, Muhammad S",3.78
246,246,246,BADM 322,"Ng, Andy Ho Man",3.6550000000000002
247,247,247,BADM 325,"Koo, Minkyung",3.88
248,248,248,BADM 327,"Nezami, Mehdi",3.74
249,249,249,BADM 329,"Mehta, Ravi P",3.66
250,250,250,BADM 335,"Scott, Nehemiah",3.51
251,251,251,BADM 336,"Palekar, Udatta S",3.56
252,252,252,BADM 340,"Fricke, Michael R",3.96
253,253,253,BADM 350,"Fernandez Corra, Carla B",3.89
254,254,254,BADM 350,"Nelson, Matthew L",3.89
255,255,255,BADM 350,"Sachdev, Vishal",3.2800000000000002
256,256,256,BADM 351,"Larson, Eric",3.82
257,257,257,BADM 352,"Yang, Yi",3.81
258,258,258,BADM 353,"Haran, Vidya",3.61
259,259,259,BADM 367,"Michael, Steven C",3.64
260,260,260,BADM 374,"Ye, Han",3.4
261,261,261,BADM 375,"Elsaleiby, Aber",3.06
262,262,262,BADM 375,"Scott, Nehemiah",3.005
263,263,263,BADM 377,"Taghaboni-Dutta, Fataneh",3.11
264,264,264,BADM 378,"Scott, Nehemiah",3.33
265,265,265,BADM 380,"Girndt-Clougher, Tina",3.91
266,266,266,BADM 380,"Martinez, Candace A",3.89
267,267,267,BADM 381,"Yao, Kun",3.74
268,268,268,BADM 382,"Torelli, Carlos J",3.83
269,269,269,BADM 395,"Kim, Sung W",3.9
270,270,270,BADM 420,"Wolters, Mark E",3.98
271,271,271,BADM 445,"Kurtz, Jeffrey M",3.74
272,272,272,BADM 446,"Kelley, Samuel R",3.94
273,273,273,BADM 449,"Chattopadhyay, Shinjinee",3.395
274,274,274,BADM 449,"Kelley, Samuel R",3.365
275,275,275,BADM 449,"Kim, June-Young",3.5766666666666667
276,276,276,BADM 449,"Mahoney, Joseph T",3.77
277,277,277,BADM 449,"Schijven, Mario P",3.775
278,278,278,BADM 453,"Han, Wencui",3.89
279,279,279,BADM 460,"Elsaleiby, Aber",3.39
280,280,280,BADM 508,"Leblebici, Huseyin",3.665
281,281,281,BADM 508,"Loewenstein, Jeffrey",3.62
282,282,282,BADM 509,"Bednar, Michael K",3.455
283,283,283,BADM 514,"Love, E G",3.67
284,284,284,BADM 520,"Noel, Hayden N",3.79
285,285,285,BADM 520,"Qualls, William J",3.81
286,286,286,BADM 525,"Mehta, Ravi P",3.8
287,287,287,BADM 525,"Noel, Hayden N",3.745
288,288,288,BADM 544,"Michael, Steven C",3.81
289,289,289,BADM 566,"Lim, Michael K",3.26
290,290,290,BADM 566,"Mukherjee, Ujjal K",3.94
291,291,291,BADM 567,"Anand, Gopesh J",3.5824999999999996
292,292,292,BADM 567,"Chhajed, Dilip",3.38
293,293,293,BADM 572,"Kwon, Hyok-Jon D",3.62
294,294,294,BADM 572,"Taghaboni-Dutta, Fataneh",3.7
295,295,295,BADM 582,"Yao, Kun",3.83
296,296,296,BADM 586,"Martinez, Candace A",3.95
297,297,297,BADM 590,"Bercovitz, Janet E",3.56
298,298,298,BADM 590,"Bucheli, Marcelo",3.81
299,299,299,BADM 590,"Chhajed, Dilip",3.9
300,300,300,BADM 590,"Kim, Sung W",3.94
301,301,301,BADM 590,"Larson, Eric",3.9
302,302,302,BADM 590,"Michael, Steven C",3.74
303,303,303,BADM 590,"Qualls, William J",3.95
304,304,304,BADM 590,"Rindfleisch, Aric P",3.59
305,305,305,BADM 590,"Viswanathan, Madhubalan",3.9
306,306,306,BADM 595,"Noel, Hayden N",3.76
307,307,307,BCS 115,"Pintar, Judith A",3.93
308,308,308,BIOC 460,"Shapiro, David J",3.33
309,309,309,BIOE 120,"Amos, Jennifer",3.62
310,310,310,BIOE 199,"Green, Kerri A",3.84
311,311,311,BIOE 201,"Imoukhuede, Princess U",3.77
312,312,312,BIOE 201,"Pan, Dipanjan",3.79
313,313,313,BIOE 202,"Jensen, Karin J",3.42
314,314,314,BIOE 206,"Dar, Roy D",3.16
315,315,315,BIOE 220,"Smith, Andrew M",3.63
316,316,316,BIOE 302,"Sutton, Brad",3.3
317,317,317,BIOE 303,"Marjanovic, Marina",3.97
318,318,318,BIOE 414,"Pool, Marcia A",3.33
319,319,319,BIOE 430,"Lu, Ting",3.73
320,320,320,BIOE 476,"Underhill, Gregory H",3.61
321,321,321,BIOE 498,"Dobrucki, Wawrzyniec",3.86
322,322,322,BIOE 504,"Insana, Michael",3.49
323,323,323,BIOE 505,"Maslov, Sergei S",3.51
324,324,324,BTW 250,"Claborn, John P",3.9333333333333336
325,325,325,BTW 250,"Gallagher, John",3.67
326,326,326,BTW 250,"Gilmore, Shawn P",3.43
327,327,327,BTW 250,"Grohens, Joseph",3.63
328,328,328,BTW 250,"Hechler, William D",3.42
329,329,329,BTW 250,"Im, Jane",3.55
330,330,330,BTW 250,"Kelly, Daniel",3.67
331,331,331,BTW 250,"Khatiblou, Roya",3.49
332,332,332,BTW 250,"Liepert, Susan",3.6133333333333333
333,333,333,BTW 250,"McGuire, Lee",3.575
334,334,334,BTW 250,"Micks, Taylor H",3.71
335,335,335,BTW 250,"Minicucci, Matthew P",3.71
336,336,336,BTW 250,"Moss, Andrew P",3.54
337,337,337,BTW 250,"Sunia, Patricia G",3.49
338,338,338,BTW 250,"Tienou, Debora",3.195
339,339,339,BTW 250,"Wilson, Gregory D",3.24
340,340,340,BTW 261,"Grohens, Joseph",3.5
341,341,341,BTW 261,"Hechler, William D",3.2199999999999998
342,342,342,BTW 261,"Kelly, Daniel",3.56
343,343,343,BUS 101,"DeBrock, Lawrence M",3.8396666666666666
344,344,344,BUS 199,"Turner, Nicole M",3.97
345,345,345,CEE 195,"LaFave, James M",3.58
346,346,346,CEE 201,"Lange, David A",2.88
347,347,347,CEE 202,"Lombardo, Franklin T",2.97
348,348,348,CEE 300,"Popovics, John S",2.78
349,349,349,CEE 310,"Tutumluer, Erol",3.26
350,350,350,CEE 320,"Golparvar Fard, Mani",3.59
351,351,351,CEE 330,"Nguyen, Thanh H",3.23
352,352,352,CEE 340,"Bond, Tami C",3.3
353,353,353,CEE 350,"Schmidt, Arthur R",3.5
354,354,354,CEE 360,"Akono, Ange-Therese",3.33
355,355,355,CEE 380,"Hashash, Youssef M",2.9
356,356,356,CEE 398,"Roesler, Jeffery R",3.72
357,357,357,CEE 406,"Hernandez-Urrea, Jaime A",3.19
358,358,358,CEE 408,"Barkan, Christopher P",3.21
359,359,359,CEE 409,"Ruppert, Conrad J",3.73
360,360,360,CEE 416,"Benekohal, Rahim F",3.11
361,361,361,CEE 421,"El-Rayes, Khaled A",3.41
362,362,362,CEE 422,"El-Gohary, Nora",3.43
363,363,363,CEE 434,"Cai, Ximing",3.27
364,364,364,CEE 437,"Men, Yujie",3.15
365,365,365,CEE 442,"Espinosa Marzal, Rosa M",3.5
366,366,366,CEE 443,"Cusick, Roland",3.41
367,367,367,CEE 450,"Kumar, Praveen",3.58
368,368,368,CEE 457,"Valocchi, Albert J",3.09
369,369,369,CEE 460,"Elbanna, Ahmed",3.84
370,370,370,CEE 463,"Andrawes, Bassem O",3.53
371,371,371,CEE 465,"LaFave, James M",3.46
372,372,372,CEE 467,"Abrams, Daniel P",2.98
373,373,373,CEE 470,"Duarte, Carlos A",2.87
374,374,374,CEE 471,"Lopez-Pamies, Oscar",3.07
375,375,375,CEE 472,"Spencer, B F",3.57
376,376,376,CEE 483,"Mesri, Gholamreza",2.94
377,377,377,CEE 491,"Gardoni, Paolo",3.39
378,378,378,CEE 493,"Guest, Jeremy S",3.86
379,379,379,CEE 498,"Work, Daniel",3.84
380,380,380,CEE 512,"Ouyang, Yanfeng",3.58
381,381,381,CEE 524,"Stark, Timothy D",3.66
382,382,382,CEE 525,"Liu, Liang Y",3.57
383,383,383,CEE 526,"El-Rayes, Khaled A",3.71
384,384,384,CEE 537,"Marinas, Benito J",3.43
385,385,385,CEE 586,"Olson, Scott M",3.48
386,386,386,CEE 598,"Kang, Thomas",3.69
387,387,387,CHBE 221,"Hammack, William S",2.74
388,388,388,CHBE 221,"Yang, Hong",2.5
389,389,389,CHBE 321,"Kong, Hyun Joon",3.1
390,390,390,CHBE 421,"Diao, Ying",2.78
391,391,391,CHBE 422,"Flaherty, David W",2.68
392,392,392,CHBE 424,"Kraft, Mary L",2.99
393,393,393,CHBE 430,"Vogel, Troy",2.95
394,394,394,CHBE 431,"Vogel, Troy",2.9
395,395,395,CHBE 440,"Shukla, Diwakar",3.13
396,396,396,CHBE 457,"Seebauer, Edmund G",2.85
397,397,397,CHBE 475,"Harley, Brendan A",3.42
398,398,398,CHBE 494,"Guironnet, Damien S",2.93
399,399,399,CHBE 494,"Rao, Christopher V",3.6
400,400,400,CHBE 521,"Higdon, Jonathan J",3.58
401,401,401,CHBE 594,"Sing, Charles E",3.67
402,402,402,CHEM 101,"Adams, Gretchen",2.725
403,403,403,CHEM 101,"Huynh, Mioy T",2.71
404,404,404,CHEM 102,"Andino Martinez, Jose G",2.675
405,405,405,CHEM 102,"Huang, Tina H",2.455
406,406,406,CHEM 102,"Hummel, Thomas J",2.44
407,407,407,CHEM 102,"Marville, Kelly",2.32
408,408,408,CHEM 103,"Aghajani, Ali Asghar",3.736666666666667
409,409,409,CHEM 103,"Bhatti, Muhammed A",3.8049999999999997
410,410,410,CHEM 103,"Brown, Tiara L",3.725
411,411,411,CHEM 103,"Cadavillo, Nicole V",3.725
412,412,412,CHEM 103,"Chu, Yueh-Te",3.73
413,413,413,CHEM 103,"Dahodwala, Mohsin G",3.616666666666667
414,414,414,CHEM 103,"Fuerste, Wade C",3.746
415,415,415,CHEM 103,"Ibrahim, George A",3.7199999999999998
416,416,416,CHEM 103,"Krumov, Mihail R",3.723333333333333
417,417,417,CHEM 103,"Li, Jingyu",3.835
418,418,418,CHEM 103,"Li, Ke",3.61
419,419,419,CHEM 103,"Liao, Can H",3.6550000000000002
420,420,420,CHEM 103,"Muhammad, Safiyah R",3.8175
421,421,421,CHEM 103,"Nawa, Emilee A",3.76
422,422,422,CHEM 103,"Pang, Weilun",3.78
423,423,423,CHEM 103,"Yoakum, Daniel M",3.68
424,424,424,CHEM 103,"Yoon, Young Hee",3.71
425,425,425,CHEM 104,"Ray, Christian R",2.5233333333333334
426,426,426,CHEM 105,"Baig, Noman",3.91
427,427,427,CHEM 105,"Edwards, Marcus M",3.9
428,428,428,CHEM 105,"Mensah, Danielle",3.91
429,429,429,CHEM 105,"Wang, Jiachen",3.9450000000000003
430,430,430,CHEM 105,"Wang, Yiming",3.8875
431,431,431,CHEM 199,"Adams, Gretchen",3.88
432,432,432,CHEM 199,"Oswald, Kelsey A",3.73
433,433,433,CHEM 202,"Decoste, Donald J",2.49
434,434,434,CHEM 203,"Vura-Weis, Joshua",2.865
435,435,435,CHEM 222,"Rodriguez Lopez, Joaquin",3.52
436,436,436,CHEM 223,"Olson, Dean",3.17
437,437,437,CHEM 232,"Kell, David A",2.2350000000000003
438,438,438,CHEM 232,"Moore, Jeffrey S",3.16
439,439,439,CHEM 233,"Axelson, Jordan C",3.39
440,440,440,CHEM 236,"Burke, Martin",2.71
441,441,441,CHEM 237,"White, M C",3.115
442,442,442,CHEM 312,"Lu, Yi",2.98
443,443,443,CHEM 315,"Leckband, Deborah E",2.98
444,444,444,CHEM 317,"Weitzel, Alison R",3.41
445,445,445,CHEM 332,"Koerner, Michael",2.44
446,446,446,CHEM 420,"Gewirth, Andrew A",2.91
447,447,447,CHEM 436,"Hergenrother, Paul",2.48
448,448,448,CHEM 440,"Oldfield, Eric",3.23
449,449,449,CHEM 440,"Tajkhorshid, Emad",3.38
450,450,450,CHEM 442,"Gruebele, Martin H",3.58
451,451,451,CHEM 442,"Hammes-Schiffer, Sharon",3.2
452,452,452,CHEM 512,"Weitzel, Alison R",3.52
453,453,453,CHEM 532,"Hull, Kami L",3.46
454,454,454,CHEM 534,"Sarlah, David",3.44
455,455,455,CHEM 544,"Luthey-Schulten, Zaida A",3.75
456,456,456,CHEM 570,"Chan, Jefferson K",3.41
457,457,457,CHEM 584,"Nuzzo, Ralph G",3.52
458,458,458,CHLH 100,"Darfour-Oduro, Sandra A",3.47
459,459,459,CHLH 100,"Dargatz, Rachel K",3.625
460,460,460,CHLH 100,"Trask, Jeffrey T",3.41
461,461,461,CHLH 101,"Dargatz, Rachel K",3.38
462,462,462,CHLH 101,"Derk, Gwendolyn R",3.27
463,463,463,CHLH 101,"Jackson, Jessica F",3.68
464,464,464,CHLH 101,"Nwaozuru, Ucheoma C",3.42
465,465,465,CHLH 101,"Siebel, Marissa B",3.435
466,466,466,CHLH 101,"Stellrecht, Angela",3.52
467,467,467,CHLH 110,"Rice, Laura A",3.25
468,468,468,CHLH 125,"Firkins, Carol H",3.81
469,469,469,CHLH 199,"McLay, Molly M",3.78
470,470,470,CHLH 200,"Gobin, Robyn L",3.33
471,471,471,CHLH 206,"Blackstone, Sarah R",3.63
472,472,472,CHLH 206,"Rinaldi-Miles, Anna I",3.35
473,473,473,CHLH 210,"Pierce, Danielle M",3.67
474,474,474,CHLH 243,"Jones, Ashleigh E",3.18
475,475,475,CHLH 243,"Kersh, Renique",3.35
476,476,476,CHLH 243,"Ritter, Ellen S",3.46
477,477,477,CHLH 250,"Farner, Susan M",3.51
478,478,478,CHLH 260,"Notaro, Stephen J",3.575
479,479,479,CHLH 274,"Grigsby, Diana S",2.93
480,480,480,CHLH 304,"Farner, Susan M",3.5
481,481,481,CHLH 380,"Farner, Susan M",3.89
482,482,482,CHLH 404,"Schwingel, Andiara",3.52
483,483,483,CHLH 410,"Kaplan, Justine",3.56
484,484,484,CHLH 415,"Schwingel, Andiara",3.52
485,485,485,CHLH 421,"An, Ruopeng",3.57
486,486,486,CHLH 455,"Notaro, Stephen J",3.62
487,487,487,CHLH 456,"Farner, Susan M",3.55
488,488,488,CHLH 457,"Notaro, Stephen J",3.65
489,489,489,CHLH 458,"Barnes, Lynette C",3.12
490,490,490,CHLH 540,"Lara-Cinisomo, Sandraluz",3.92
491,491,491,CHLH 573,"Andrade, Flavia C",3.37
492,492,492,CHLH 594,"Klonoff-Cohen, Hillary",3.94
493,493,493,CHP 199,"Bankhead, Tekita",3.86
494,494,494,CI 210,"Lindgren, Robb W",3.83
495,495,495,CI 403,"Kessler, Meghan A",3.88
496,496,496,CI 403,"Willis, Arlette I",3.78
497,497,497,CI 405,"Dean, Sheila R",3.48
498,498,498,CI 405,"Evcen, Ozge",3.7
499,499,499,CI 406,"Harrison, Dorian L",3.44
500,500,500,CI 406,"Jones, Alexis L",3.81
501,501,501,CI 410,"Dean, Sheila R",3.88
502,502,502,CI 415,"Smith, Patrick H",3.52
503,503,503,CI 415,"Valderrama Sepu, Laura P",3.58
504,504,504,CI 422,"Olguin, Ana A",3.67
505,505,505,CI 430,"Gerardo, Juan M",3.68
506,506,506,CI 430,"Skultety, Lisa S",3.88
507,507,507,CI 433,"Chaitra Shivapr, Unknown",3.77
508,508,508,CI 433,"Presiado, Vivian E",3.91
509,509,509,CI 447,"Gueye, Mor",3.94
510,510,510,CI 450,"Dean, Sheila R",3.28
511,511,511,CI 471,"Murillo, Luz A",3.52
512,512,512,CI 476,"James, Carrie L",3.1
513,513,513,CI 476,"Lee, Chaehyun",3.95
514,514,514,CI 476,"MacGregor, Nancy A",3.77
515,515,515,CI 550,"Greene, Jennifer C",3.71
516,516,516,CLCV 100,"Carr, Brandon J",3.32
517,517,517,CLCV 102,"Foulk, John M",3.46
518,518,518,CLCV 111,"Solomon, Jon",2.82
519,519,519,CLCV 114,"Leon Ruiz, Daniel W",2.61
520,520,520,CLCV 115,"Arampapaslis, Konstantino",3.4866666666666664
521,521,521,CLCV 115,"Bryce, William A",3.43
522,522,522,CLCV 115,"Carr, Brandon J",3.42
523,523,523,CLCV 115,"Chandler, Erin D",3.11
524,524,524,CLCV 115,"Froedge, Stephen E",3.29
525,525,525,CLCV 115,"Gipson, Christopher L",3.2566666666666664
526,526,526,CLCV 115,"Hall, Andrew M",3.473333333333333
527,527,527,CLCV 115,"Stanull, Jennifer A",3.69
528,528,528,CLCV 131,"Kreindler, Katharine R",3.1
529,529,529,CLCV 160,"Witzke, Serena S",3.29
530,530,530,CLCV 220,"Bosak-Schroeder, Clara R",3.29
531,531,531,CLCV 225,"Solomon, Jon",3.64
532,532,532,CLCV 231,"Kreindler, Katharine R",2.92
533,533,533,CLCV 240,"Tzanetou, Angeliki",3.46
534,534,534,CMN 102,"Quick, Brian L",3.25
535,535,535,CMN 113,"Bryan, Ann L",3.12
536,536,536,CMN 113,"Reynolds-Tylus, Tobias J",3.33
537,537,537,CMN 211,"Costello, Thomas J",3.89
538,538,538,CMN 211,"Ditewig-Morris, Kathleen",3.0949999999999998
539,539,539,CMN 212,"Bryan, Ann L",3.11
540,540,540,CMN 212,"Poole, Marshall S",3.335
541,541,541,CMN 212,"Proulx, Jeffrey",3.36
542,542,542,CMN 220,"Pitchford, Matthew C",3.43
543,543,543,CMN 230,"Guntzviller, Lisa",3.45
544,544,544,CMN 232,"Koven, Michele E",3.72
545,545,545,CMN 232,"Moga, Jillian L",3.36
546,546,546,CMN 260,"Martinez Gonzal, Andrea",3.49
547,547,547,CMN 260,"Smith, Marisa A",3.46
548,548,548,CMN 260,"Williamson, Lillie D",3.32
549,549,549,CMN 275,"McChesney, Robert W",3.17
550,550,550,CMN 277,"Tewksbury, David H",3.18
551,551,551,CMN 280,"Jackson, Sally A",3.18
552,552,552,CMN 321,"Murphy, John M",2.23
553,553,553,CMN 323,"Bellwood, Alia R",3.91
554,554,554,CMN 336,"Abendschein, Bryan",3.7199999999999998
555,555,555,CMN 336,"Roache, David J",2.99
556,556,556,CMN 336,"Wang, Ningxin",3.49
557,557,557,CMN 336,"Wehrman, Erin C",3.39
558,558,558,CMN 340,"Bisbee, Donovan S",3.29
559,559,559,CMN 340,"Bruner, Katie",3.52
560,560,560,CMN 340,"Weickum, Nikki R",3.57
561,561,561,CMN 345,"Bigsby, Elisabeth",2.71
562,562,562,CMN 368,"Ramey, Mary E",3.24
563,563,563,CMN 370,"McChesney, Robert W",3.51
564,564,564,CMN 377,"Stole, Inger L",3.19
565,565,565,CMN 396,"Barley, William",3.36
566,566,566,CMN 396,"Costello, Thomas J",3.9
567,567,567,CMN 396,"Wright-Dixon, Trina J",2.925
568,568,568,CMN 410,"Barley, William",3.55
569,569,569,CMN 421,"Bigsby, Elisabeth",2.81
570,570,570,CMN 429,"Bigman-Galimore, Cabral A",2.52
571,571,571,CMN 429,"Dixon, Travis L",3.24
572,572,572,CMN 435,"Ramey, Mary E",3.375
573,573,573,CMN 464,"Quick, Brian L",3.34
574,574,574,CMN 476,"Stole, Inger L",3.52
575,575,575,CPSC 112,"Pittelkow, Cameron M",3.43
576,576,576,CPSC 113,"Rayburn, A L",3.58
577,577,577,CPSC 213,"Rayburn, A L",2.93
578,578,578,CPSC 215,"Voigt, Thomas B",3.52
579,579,579,CPSC 226,"Tranel, Patrick J",2.81
580,580,580,CPSC 270,"Weinzierl, Richard A",3.32
581,581,581,CPSC 419,"Juvik, John A",3.82
582,582,582,CPSC 426,"Riechers, Dean E",3.45
583,583,583,CPSC 437,"Villamil, Maria B",3.6
584,584,584,CPSC 440,"Lipka, Alexander E",3.21
585,585,585,CPSC 452,"Jamann, Tiffany M",3.57
586,586,586,CS 100,"Pitt, Leonard B",3.8
587,587,587,CS 101,"Davis, Neal E",3.19
588,588,588,CS 105,"Hellwig, Martin",3.51
589,589,589,CS 125,"Chapman, William L",3.4133333333333336
590,590,590,CS 126,"Zilles, Craig",3.75
591,591,591,CS 173,"Fleck, Margaret M",3.0213333333333328
592,592,592,CS 196,"Chapman, William L",3.91
593,593,593,CS 196,"Fleck, Margaret M",3.65
594,594,594,CS 199,"Heeren, Cinda",3.91
595,595,595,CS 210,"Cunningham, Ryan M",3.74
596,596,596,CS 225,"Heeren, Cinda",3.24
597,597,597,CS 233,"Zilles, Craig",2.995
598,598,598,CS 241,"Angrave, Lawrence C",2.925
599,599,599,CS 242,"Woodley, Michael J",3.41
600,600,600,CS 296,"Angrave, Lawrence C",3.88
601,601,601,CS 296,"Heeren, Cinda",3.93
602,602,602,CS 296,"Zilles, Craig",3.25
603,603,603,CS 357,"Kloeckner, Andreas P",3.17
604,604,604,CS 361,"Peng, Jian",3.37
605,605,605,CS 374,"Erickson, Jeff G",2.5
606,606,606,CS 410,"Zhai, Chengxiang",3.85
607,607,607,CS 411,"Chang, Kevin C",2.98
608,608,608,CS 412,"Han, Jiawei",3.27
609,609,609,CS 418,"Shaffer, Eric G",2.96
610,610,610,CS 420,"Snir, Marc",2.92
611,611,611,CS 421,"Gunter, Elsa",3.2
612,612,612,CS 424,"Abdelzaher, Tarek",3.55
613,613,613,CS 425,"Gupta, Indranil",3.315
614,614,614,CS 426,"Adve, Vikram S",3.43
615,615,615,CS 427,"Rosu, Grigore",3.14
616,616,616,CS 431,"Caccamo, Marco",2.74
617,617,617,CS 433,"Adve, Sarita V",3.48
618,618,618,CS 438,"Borisov, Nikita",2.64
619,619,619,CS 440,"Hasegawa-Johnso, Mark A",3.0
620,620,620,CS 440,"Lazebnik, Svetlana",3.24
621,621,621,CS 446,"Roth, Dan",3.38
622,622,622,CS 450,"Heath, Michael T",2.9
623,623,623,CS 465,"Bailey, Brian P",3.08
624,624,624,CS 466,"Sinha, Saurabh",3.4
625,625,625,CS 492,"Woodley, Michael J",3.35
626,626,626,CS 498,"Campbell, R H",3.56
627,627,627,CS 498,"Chekuri, Chandra S",3.09
628,628,628,CS 498,"Kumar, Ranjitha",3.2
629,629,629,CS 498,"Stodden, Victoria",3.82
630,630,630,CS 498,"Sundaram, Hari",3.49
631,631,631,CS 498,"Yershova, Ganna",3.71
632,632,632,CS 519,"Shaffer, Eric G",3.54
633,633,633,CS 527,"Marinov, Darko",3.54
634,634,634,CS 548,"Fu, Wai-Tat",3.83
635,635,635,CS 563,"Gunter, Carl",3.88
636,636,636,CS 598,"Koyejo, Oluwasanmi O",3.86
637,637,637,CS 598,"Zhai, Chengxiang",3.75
638,638,638,CW 100,"Davenport, Stephen M",3.38
639,639,639,CWL 114,"Tierney, Robert",3.72
640,640,640,CWL 151,"Anderson Bliss, Jennifer",3.58
641,641,641,DANC 100,"Beck, Kenneth D",3.87
642,642,642,DANC 100,"Portier, Kendra E",3.47
643,643,643,DANC 100,"Simson, Kirstie",3.81
644,644,644,DANC 107,"Maybee, Charles M",3.77
645,645,645,DANC 112,"Nance, Curtis K",2.97
646,646,646,DANC 112,"Zbikowski, Abigail L",3.77
647,647,647,DANC 150,"Simson, Kirstie",3.81
648,648,648,DANC 160,"Lehovec, Linda M",2.97
649,649,649,DANC 166,"Anderson, Maria C",3.67
650,650,650,DANC 266,"Anderson, Maria C",3.57
651,651,651,DANC 301,"Lehovec, Linda M",3.73
652,652,652,DANC 360,"Hook, Sara",3.71
653,653,653,DANC 363,"Monson, Jennifer",3.95
654,654,654,EALC 275,"Lou, Weng Heng",3.19
655,655,655,ECE 110,"Chen, Xiaogang",3.1
656,656,656,ECE 110,"Choi, Hyungsoo",3.34
657,657,657,ECE 110,"Gruev, Viktor",3.66
658,658,658,ECE 110,"Schmitz, Christopher",3.48
659,659,659,ECE 120,"Bhat, Suma P",3.18
660,660,660,ECE 120,"Jaramillo Jimen, Juan Jos",3.0
661,661,661,ECE 120,"Lumetta, Steven S",2.82
662,662,662,ECE 120,"Varodayan, David",3.12
663,663,663,ECE 199,"Varodayan, David",3.78
664,664,664,ECE 205,"Cheng, Zuofu",2.71
665,665,665,ECE 206,"Kar, Arunita",3.69
666,666,666,ECE 210,"Akyol, Emrah",2.93
667,667,667,ECE 210,"Basar, Tangul",2.83
668,668,668,ECE 210,"He, Wei",2.7
669,669,669,ECE 210,"Schutt-Aine, Jose E",2.56
670,670,670,ECE 220,"Chen, Yuting W",2.86
671,671,671,ECE 220,"Mitra, Sayan",2.73
672,672,672,ECE 220,"Patel, Sanjay J",2.91
673,673,673,ECE 220,"Schwing, Alexander G",2.93
674,674,674,ECE 298,"Allen, Jont",3.79
675,675,675,ECE 304,"Lee, Minjoo L",3.01
676,676,676,ECE 310,"Bresler, Yoram",2.58
677,677,677,ECE 310,"Levinson, Stephen E",2.85
678,678,678,ECE 311,"Bresler, Yoram",3.14
679,679,679,ECE 313,"Alvarez, Juan",2.62
680,680,680,ECE 313,"Hajek, Bruce",2.67
681,681,681,ECE 313,"Iyer, Ravishankar K",3.04
682,682,682,ECE 313,"Kamalabadi, Farzad",2.53
683,683,683,ECE 313,"Katselis, Dimitrios",2.49
684,684,684,ECE 313,"Zhao, Zhizhen",3.35
685,685,685,ECE 316,"Hillmer, Philip M",3.745
686,686,686,ECE 329,"Chen, Xu",2.98
687,687,687,ECE 329,"Dragic, Peter D",3.25
688,688,688,ECE 330,"Haran, Kiruba S",2.61
689,689,689,ECE 330,"Sauer, Peter W",2.35
690,690,690,ECE 333,"Gross, George",3.36
691,691,691,ECE 340,"Gilbert, Matthew",2.48
692,692,692,ECE 340,"Kim, Kyekyoon",2.5
693,693,693,ECE 340,"Leburton, Jean-Pierre",2.54
694,694,694,ECE 340,"Zhu, Wenjuan",3.08
695,695,695,ECE 342,"Hanumolu, Pavan Kumar",3.06
696,696,696,ECE 342,"Radhakrishnan, Chandrasek",3.19
697,697,697,ECE 343,"Radhakrishnan, Chandrasek",3.703333333333333
698,698,698,ECE 350,"Kudeki, Erhan",3.25
699,699,699,ECE 380,"Gao, Liang",3.65
700,700,700,ECE 385,"Cheng, Zuofu",3.06
701,701,701,ECE 391,"Kalbarczyk, Zbigniew T",3.0
702,702,702,ECE 395,"Haken, Lippold",3.94
703,703,703,ECE 398,"Carney, Paul S",3.56
704,704,704,ECE 402,"Haken, Lippold",3.69
705,705,705,ECE 408,"Hwu, Wen-Mei W",3.45
706,706,706,ECE 411,"Kumar, Rakesh",2.83
707,707,707,ECE 420,"Allen, Jont",3.45
708,708,708,ECE 425,"Chen, Deming",2.9
709,709,709,ECE 439,"Kravets, Robin H",3.25
710,710,710,ECE 444,"Lyding, Joseph W",3.5
711,711,711,ECE 444,"Sievers, Dane J",3.8
712,712,712,ECE 445,"Makela, Jonathan J",3.18
713,713,713,ECE 447,"Gong, Songbin",3.71
714,714,714,ECE 453,"Franke, Steven J",3.2
715,715,715,ECE 455,"Eden, James G",3.18
716,716,716,ECE 456,"Gao, Xingxin",2.86
717,717,717,ECE 459,"Alvarez, Juan",3.26
718,718,718,ECE 462,"Patel, Janak H",3.29
719,719,719,ECE 464,"Pilawa Podgursk, Robert C",2.93
720,720,720,ECE 468,"Waldrop, Lara",3.44
721,721,721,ECE 469,"Pilawa Podgursk, Robert C",3.49
722,722,722,ECE 470,"Hutchinson, Seth A",2.94
723,723,723,ECE 473,"Oelze, Michael L",3.13
724,724,724,ECE 476,"Overbye, Thomas J",3.2
725,725,725,ECE 482,"Rosenbaum, Elyse",3.18
726,726,726,ECE 485,"Liu, Gang L",3.53
727,727,727,ECE 486,"Raginsky, Maxim",3.84
728,728,728,ECE 488,"Dallesasse, John M",3.61
729,729,729,ECE 498,"Lu, Yi",3.28
730,730,730,ECE 498,"Roy Choudhury, Romit",3.19
731,731,731,ECE 511,"Kim, Nam Sung",3.68
732,732,732,ECE 515,"Bolouki, Sadegh",3.62
733,733,733,ECE 517,"Liberzon, Daniel M",3.65
734,734,734,ECE 520,"Yan, Su",3.69
735,735,735,ECE 526,"Vaidya, Nitin H",3.51
736,736,736,ECE 534,"Srikant, Rayadurgam",3.63
737,737,737,ECE 535,"Leburton, Jean-Pierre",3.54
738,738,738,ECE 541,"Nicol, David M",3.48
739,739,739,ECE 544,"Hasegawa-Johnso, Mark A",3.65
740,740,740,ECE 551,"Do, Minh N",3.83
741,741,741,ECON 102,"Bauer, Anahid",3.675
742,742,742,ECON 102,"Cantet, Maria N",3.29
743,743,743,ECON 102,"Cho, Hee Pyung",3.04
744,744,744,ECON 102,"Constantinou, Evangelos",3.59
745,745,745,ECON 102,"Cooke, Diana A",3.5975
746,746,746,ECON 102,"Corredor Waldro, Adriana",3.3825000000000003
747,747,747,ECON 102,"Diaz Klaassen, Felipe",3.505
748,748,748,ECON 102,"Farhoodi, Abdollah",3.075
749,749,749,ECON 102,"Feld, Brian H",3.505
750,750,750,ECON 102,"Gillis, Monica",3.485
751,751,751,ECON 102,"Ham Gonzalez, Andres",3.6533333333333338
752,752,752,ECON 102,"Huang, Yi",3.4375
753,753,753,ECON 102,"Jogani, Chitra",3.63
754,754,754,ECON 102,"Khazra, Nazanin",3.41
755,755,755,ECON 102,"Kwak, Eunhye",3.43
756,756,756,ECON 102,"Lu, Chang",3.6100000000000003
757,757,757,ECON 102,"Ma, Sen",3.3075
758,758,758,ECON 102,"Philipps, Collin S",3.2575
759,759,759,ECON 102,"Quigley, David",2.45
760,760,760,ECON 102,"Sun, Lingling",3.425
761,761,761,ECON 102,"Valenzuela Rami, Irina E",3.2800000000000002
762,762,762,ECON 103,"Chen, Yuci",3.005
763,763,763,ECON 103,"Ding, Chen",2.9825
764,764,764,ECON 103,"Laumer, Sebastian",2.66
765,765,765,ECON 103,"Xu, Jianfeng",2.94
766,766,766,ECON 103,"Yang, Bei",2.5300000000000002
767,767,767,ECON 103,"Zare, Meysam",2.78
768,768,768,ECON 103,"Zhang, Zheng",2.8125
769,769,769,ECON 202,"Anderson, Patrese N",2.7866666666666666
770,770,770,ECON 202,"Grigoryan, Aram",3.1466666666666665
771,771,771,ECON 202,"Kim, Jungyoun",2.9066666666666667
772,772,772,ECON 202,"Kim, Kwanghyun",3.0066666666666664
773,773,773,ECON 202,"Kyriazis, Anna E",3.0033333333333334
774,774,774,ECON 202,"Vogler, Jacob E",3.0500000000000003
775,775,775,ECON 203,"Arango Isaza, Mauricio",2.9466666666666668
776,776,776,ECON 203,"Arga, Desak Nyoman Fi",2.9600000000000004
777,777,777,ECON 203,"Henao Arbelaez, Camila",2.81
778,778,778,ECON 203,"Munoz Morales, Juan S",2.91
779,779,779,ECON 203,"Olivares Gonzal, Mauricio",2.53
780,780,780,ECON 203,"Shappo, Mariya",2.91
781,781,781,ECON 302,"Fang, Chiyuan",2.7275
782,782,782,ECON 302,"Gao, Xing",2.41
783,783,783,ECON 302,"Halim, Daniel Z",2.84
784,784,784,ECON 302,"Miller, Nolan H",3.69
785,785,785,ECON 302,"Mocanu, Tatiana",2.8725
786,786,786,ECON 302,"Poloni Sant Ann, Vinicios",2.6
787,787,787,ECON 302,"Set, Eric B",2.425
788,788,788,ECON 302,"Wu, Yue",2.51
789,789,789,ECON 302,"Xu, Hui",2.8466666666666662
790,790,790,ECON 303,"Khan, Asad R",3.0549999999999997
791,791,791,ECON 303,"McDermott, Eric M",3.0
792,792,792,ECON 303,"Yue, Yang",3.0300000000000002
793,793,793,ECON 411,"Arvin-Rad, Hassan",2.76
794,794,794,ECON 414,"Albouy, David Y",3.09
795,795,795,ECON 420,"Leite Estanisla, Luiz Fel",2.48
796,796,796,ECON 440,"Schneider, Rodrigo A",2.84
797,797,797,ECON 450,"Akresh, Richard S",3.19
798,798,798,ECON 450,"Veras De Paiva, Henrique",2.1
799,799,799,ECON 452,"D'Almeida, Fabricio R",3.24
800,800,800,ECON 471,"Arvin-Rad, Hassan",2.64
801,801,801,ECON 471,"Yang, Lanwei J",3.02
802,802,802,ECON 480,"Qiu, Ziyi",3.27
803,803,803,ECON 481,"Arnould, Richard J",3.22
804,804,804,ECON 482,"Arnould, Richard J",3.52
805,805,805,ECON 484,"Kindt, John W",3.49
806,806,806,ECON 490,"Amini Behbahani, Amirhoss",3.02
807,807,807,ECON 490,"Arvan, Lanny",3.17
808,808,808,ECON 490,"Buckley, Bryan D",3.19
809,809,809,ECON 490,"Das, Satya P",3.26
810,810,810,ECON 490,"DiIanni, Isaac",3.1
811,811,811,ECON 490,"Lee, JiHyung",3.54
812,812,812,ECON 490,"Li, Zening",2.84
813,813,813,ECON 490,"McDermott, Eric M",3.22
814,814,814,ECON 490,"Osman, Adam M",3.16
815,815,815,ECON 490,"Powers, Elizabeth T",2.95
816,816,816,ECON 490,"Shakiba, Mehdi",2.73
817,817,817,ECON 490,"Shin, Min Chul",3.69
818,818,818,ECON 490,"Wang, Xin",3.69
819,819,819,ECON 490,"Zhao, Rui",3.01
820,820,820,ECON 500,"Krasa, Stefan",3.12
821,821,821,ECON 501,"Parente, Stephen L",3.66
822,822,822,ECON 502,"Toossi, Ali",3.4
823,823,823,ECON 505,"Lemus Encalada, Jorge A",3.66
824,824,824,ECON 510,"Giertz, J F",3.82
825,825,825,ECON 513,"Das, Satya P",3.36
826,826,826,ECON 517,"Zhao, Rui",3.55
827,827,827,ECON 530,"Miller, Nolan H",3.52
828,828,828,ECON 532,"Bera, Anil K",3.6
829,829,829,ECON 536,"Koenker, Roger W",3.61
830,830,830,EDUC 101,"McCarthey, Sarah J",3.915
831,831,831,EDUC 201,"Span, Christopher",3.85
832,832,832,EIL 411,"Franks, Suzanne C",3.85
833,833,833,EIL 460,"Yan, Xun",3.77
834,834,834,ENG 198,"Bradley, Joe A",3.723333333333333
835,835,835,ENG 198,"Goodman, Matthew D",3.81
836,836,836,ENG 198,"Witmer, Ann-Perry",3.67
837,837,837,ENG 199,"Favila, Ivanhoe",3.88
838,838,838,ENG 199,"Heeren, Cinda",3.93
839,839,839,ENG 199,"Yeong, Hoong Chieh",3.73
840,840,840,ENG 250,"Sorkin, Harlan L",3.78
841,841,841,ENG 333,"Jahnke, Keilin T",3.7
842,842,842,ENG 333,"Litchfield, J B",3.29
843,843,843,ENG 360,"Singer, Andrew C",3.8
844,844,844,ENG 398,"Witmer, Ann-Perry",3.67
845,845,845,ENG 450,"Barich, Joseph M",3.69
846,846,846,ENG 460,"Singer, Andrew C",3.9
847,847,847,ENG 466,"Shabbir, Muhammad S",3.59
848,848,848,ENG 471,"Abelson, John R",3.86
849,849,849,ENGL 101,"Dullea, Dennis E",3.11
850,850,850,ENGL 103,"Farmer, Chelsea E",3.6
851,851,851,ENGL 104,"Basu, Anustup",3.42
852,852,852,ENGL 104,"Capino, Jose B",3.2199999999999998
853,853,853,ENGL 104,"Slobodnik, Sydney J",3.03
854,854,854,ENGL 109,"Chanda, Debojoy",3.83
855,855,855,ENGL 109,"Taub, Naomi S",2.71
856,856,856,ENGL 109,"Wong, Jessica",3.68
857,857,857,ENGL 109,"Wright, David",3.4
858,858,858,ENGL 115,"Sherwood, Ryan J",3.71
859,859,859,ENGL 116,"Sunia, Patricia G",3.13
860,860,860,ENGL 119,"Baron, Iryce W",3.71
861,861,861,ENGL 119,"Hartley-Kroeger, Fiona",3.0
862,862,862,ENGL 120,"Littlefield, Melissa M",3.64
863,863,863,ENGL 121,"Lumbley, Coral",3.41
864,864,864,ENGL 199,"Wilcox, Kirstin R",3.67
865,865,865,ENGL 200,"Cole, Lucinda",3.675
866,866,866,ENGL 200,"Jones, Jamie L",3.68
867,867,867,ENGL 200,"Pollock, Anthony",3.58
868,868,868,ENGL 200,"Stevens, Andrea",3.85
869,869,869,ENGL 202,"Norcross, Katherine R",3.31
870,870,870,ENGL 213,"O'Brien, Valerie E",3.35
871,871,871,ENGL 218,"Perry, Curtis",3.39
872,872,872,ENGL 218,"Sutor, Sarah A",3.38
873,873,873,ENGL 245,"Wright, David",3.48
874,874,874,ENGL 253,"Loughran, Patricia",3.54
875,875,875,ENGL 259,"Bascom, Benjamin D",3.57
876,876,876,ENGL 272,"Curry, Ramona",3.57
877,877,877,ENGL 281,"Baron, Iryce W",3.6
878,878,878,ENGL 300,"Courtemanche, Eleanor",3.3
879,879,879,ENGL 300,"Gilmore, Shawn P",3.28
880,880,880,ENGL 301,"Nazar, Hina",3.51
881,881,881,ENGL 301,"Parker, Robert D",3.49
882,882,882,ENGL 330,"Wright, David",2.99
883,883,883,ENGL 373,"Somerville, Siobhan B",3.28
884,884,884,ENGL 402,"Prior, Paul A",3.63
885,885,885,ENGL 416,"Perry, Curtis",3.38
886,886,886,ENGL 418,"Newcomb, Lori H",3.49
887,887,887,ENGL 429,"Pollock, Anthony",3.84
888,888,888,ENGL 450,"Jones, Jamie L",3.71
889,889,889,ENSU 310,"Tomkin, Jonathan H",3.1
890,890,890,EOL 543,"Clauson, Margaret E",3.83
891,891,891,EPS 202,"Higgins, Christopher R",3.79
892,892,892,EPS 402,"Pak, Yoon K",3.9
893,893,893,EPS 533,"Herrera, Linda",3.83
894,894,894,EPS 538,"Witt, Mary A",3.94
895,895,895,EPSY 201,"Zola, David",3.71
896,896,896,EPSY 202,"Landrum-Brown, Joycelyn",3.4
897,897,897,EPSY 220,"King, Matthew T",3.38
898,898,898,EPSY 220,"Perlus, Jessamyn G",3.78
899,899,899,EPSY 220,"Worm, Ted W",3.32
900,900,900,EPSY 401,"Christianson, Kiel",3.75
901,901,901,EPSY 407,"Stine-Morrow, Elizabeth A",3.64
902,902,902,EPSY 420,"Kinderman, Lisa",3.06
903,903,903,EPSY 456,"Morrow, Daniel G",3.46
904,904,904,EPSY 480,"Timmer, Jennifer",3.3
905,905,905,EPSY 485,"Poetzel, Adam R",3.83
906,906,906,EPSY 587,"Anderson, Carolyn J",3.76
907,907,907,ESE 200,"Nesbitt, Anna",3.34
908,908,908,EURO 415,"Rota, Emanuel",3.76
909,909,909,FAA 101,"Edwards, Mary M",3.6
910,910,910,FAA 220,"Becker, Susan E",3.85
911,911,911,FIN 221,"Dyer, Michael A",3.59
912,912,912,FIN 221,"Han, Xue",3.0275
913,913,913,FIN 221,"Lagaras, Spyridon",3.23
914,914,914,FIN 221,"Wang, Shanshan",2.685
915,915,915,FIN 221,"Xu, Hao",2.98
916,916,916,FIN 230,"Davis, Donald W",3.19
917,917,917,FIN 241,"Davis, Jeffrey M",3.57
918,918,918,FIN 241,"Perkins, Scott E",3.39
919,919,919,FIN 300,"Smith, Mark K",2.44
920,920,920,FIN 300,"Spencer, Xiangyi X",2.94
921,921,921,FIN 300,"Waspi, Kevin G",2.0
922,922,922,FIN 321,"Huang, Jiekun",3.5233333333333334
923,923,923,FIN 321,"Peters, Stephen R",3.33
924,924,924,FIN 321,"Spencer, Xiangyi X",3.2
925,925,925,FIN 392,"Waspi, Kevin G",3.85
926,926,926,FIN 411,"Kiku, Dana",3.05
927,927,927,FIN 412,"Peterson, Paul E",3.28
928,928,928,FIN 423,"Beard, Dennis E",3.88
929,929,929,FIN 423,"Krueger, George J",3.63
930,930,930,FIN 424,"Peters, Stephen R",3.23
931,931,931,FIN 435,"Raskie, Sterling",3.6
932,932,932,FIN 445,"Chinco, Alexander M",3.82
933,933,933,FIN 447,"Cannaday, Roger E",3.98
934,934,934,FIN 463,"Metzger, Robert L",3.91
935,935,935,FIN 500,"Clark-Joseph, Adam D",3.35
936,936,936,FIN 501,"Deryugina, Tatyana",3.5199999999999996
937,937,937,FIN 511,"Choi, Jaewon",3.565
938,938,938,FIN 511,"Pollet, Joshua M",3.515
939,939,939,FIN 511,"Weisbenner, Scott J",3.6100000000000003
940,940,940,FIN 512,"Widdicks, Martin",3.615
941,941,941,FIN 516,"Widdicks, Martin",3.67
942,942,942,FIN 520,"Almeida, Heitor",3.63
943,943,943,FIN 520,"Davis, Donald W",3.88
944,944,944,FIN 521,"Weisbenner, Scott J",3.395
945,945,945,FIN 530,"Davis, Donald W",3.62
946,946,946,FIN 541,"Cannaday, Roger E",3.86
947,947,947,FIN 545,"Chinco, Alexander M",3.65
948,948,948,FIN 563,"Metzger, Robert L",3.91
949,949,949,FIN 566,"Clark-Joseph, Adam D",3.4
950,950,950,FIN 571,"Wang, Jialan",3.585
951,951,951,FIN 575,"Fullerton, Don",3.58
952,952,952,FIN 578,"Fullerton, Don",3.69
953,953,953,FIN 580,"Raskie, Sterling",3.67
954,954,954,FIN 580,"Smith, Mark K",3.52
955,955,955,FIN 580,"Widdicks, Martin",3.62
956,956,956,FIN 580,"Zhang, Li",3.72
957,957,957,FR 101,"Benbouazza, Mouna",2.895
958,958,958,FR 102,"Ghaderi, Anoosheh",3.3
959,959,959,FR 103,"Ndiaye, Gana",2.9450000000000003
960,960,960,FR 103,"Prieu, Charlotte C",2.73
961,961,961,FR 104,"Curtin, Sean M",3.32
962,962,962,FSHN 101,"Bohn, Dawn M",3.36
963,963,963,FSHN 101,"Schmidt, Shelly J",3.01
964,964,964,FSHN 120,"Tappenden, Kelly A",3.25
965,965,965,FSHN 140,"Craft, Jill N",3.41
966,966,966,FSHN 150,"Karduck, Justine M",3.58
967,967,967,FSHN 220,"Nickols, Sharon M",3.4
968,968,968,FSHN 232,"Craft, Jill N",3.55
969,969,969,FSHN 302,"Madson, Jessica A",3.94
970,970,970,FSHN 345,"Madson, Jessica A",3.85
971,971,971,FSHN 349,"Craft, Jill N",3.14
972,972,972,FSHN 398,"Olah, Alanna B",3.4
973,973,973,FSHN 414,"Engeseth, Nicki J",3.76
974,974,974,FSHN 416,"Demejia, Elvira",3.57
975,975,975,FSHN 420,"Holscher, Hannah D",3.78
976,976,976,FSHN 426,"Pan, Yuan-Xiang",3.82
977,977,977,FSHN 428,"Chapman-Novakof, Karen M",3.61
978,978,978,FSHN 461,"Feng, Hao",3.64
979,979,979,FSHN 465,"Lee, Youngsoo",3.81
980,980,980,FSHN 466,"Bohn, Dawn M",3.88
981,981,981,FSHN 469,"Morris, Scott A",3.83
982,982,982,FSHN 471,"Miller, Michael J",3.64
983,983,983,FSHN 480,"Biehl, Michael L",3.34
984,984,984,FSHN 514,"Engeseth, Nicki J",3.97
985,985,985,FSHN 519,"Cadwallader, Keith R",3.98
986,986,986,GCL 126,"Allred, Dustin",3.54
987,987,987,GCL 129,"Burkus-Chasson, Anne",3.48
988,988,988,GCL 143,"Pintar, Judith A",3.91
989,989,989,GCL 200,"Burgos, Adrian",3.7
990,990,990,GCL 200,"Gardoni, Paolo",3.54
991,991,991,GCL 200,"Miraftab, Faranak",3.47
992,992,992,GCL 210,"Viswanathan, Madhubalan",3.16
993,993,993,GE 100,"Krishnan, Girish",3.79
994,994,994,GE 261,"Wildblood, Harry S",3.0
995,995,995,GE 310,"Singh, Gaurav",3.27
996,996,996,GE 320,"Liu, Ji",3.33
997,997,997,GE 361,"Spencer, Gayle",3.29
998,998,998,GE 400,"Barich, Joseph M",3.61
999,999,999,GE 402,"Leake, James M",3.45
1000,1000,1000,GE 410,"Allison, James",3.36
1001,1001,1001,GE 420,"Stipanovic, Dusan M",3.35
1002,1002,1002,GE 450,"Date, Ketan Hemant",3.2
1003,1003,1003,GE 495,"Wildblood, Harry S",3.97
1004,1004,1004,GEOG 101,"Chen, Zhuo",3.64
1005,1005,1005,GEOG 101,"Ramprasad, Vijay",3.62
1006,1006,1006,GEOG 103,"Cienciala, Piotr",3.12
1007,1007,1007,GEOG 104,"Wilson, David",3.43
1008,1008,1008,GEOG 106,"Zaimi, Rea",3.64
1009,1009,1009,GEOG 204,"Cidell, Julie L",3.1
1010,1010,1010,GEOG 221,"Jefferson, Brian J",3.0
1011,1011,1011,GEOG 379,"Kashem, Md Shakil B",3.42
1012,1012,1012,GEOG 406,"Rhoads, Bruce L",3.08
1013,1013,1013,GEOG 438,"McLafferty, Sara L",3.61
1014,1014,1014,GEOG 468,"Hannon, Bruce M",3.84
1015,1015,1015,GEOG 473,"Kashem, Md Shakil B",3.75
1016,1016,1016,GEOG 480,"Wang, Shaowen",3.62
1017,1017,1017,GEOL 100,"Long, Ann D",3.31
1018,1018,1018,GEOL 100,"Zhou, Quan",3.45
1019,1019,1019,GEOL 107,"Long, Ann D",3.27
1020,1020,1020,GEOL 117,"Pettijohn, Justin C",3.23
1021,1021,1021,GEOL 117,"Stewart, Michael A",2.9
1022,1022,1022,GEOL 118,"Altaner, Stephen P",2.97
1023,1023,1023,GEOL 411,"Marshak, Stephen",2.87
1024,1024,1024,GEOL 432,"Stewart, Michael A",2.25
1025,1025,1025,GEOL 470,"Cole, Todd M",3.33
1026,1026,1026,GER 101,"Berding, Raphaela",3.46
1027,1027,1027,GER 101,"Jenson, Jennifer E",3.06
1028,1028,1028,GER 101,"Markiewicz, Sandra",2.61
1029,1029,1029,GER 101,"Metzel, Peter",3.36
1030,1030,1030,GER 103,"Kasper, Bjoern",2.84
1031,1031,1031,GER 103,"Slattery, John P",3.41
1032,1032,1032,GER 250,"Malekin, Bjorn",3.85
1033,1033,1033,GER 260,"Taub, Naomi S",3.27
1034,1034,1034,GER 270,"Niekerk, Carl H",3.75
1035,1035,1035,GLBL 100,"Bonatti, Valeria",3.46
1036,1036,1036,GLBL 100,"Fogelman, Charles J",3.625
1037,1037,1037,GLBL 100,"Hercog, Metka",3.03
1038,1038,1038,GLBL 100,"Muniandy, Parthiban",3.89
1039,1039,1039,GLBL 100,"Zhang, Gehui",3.52
1040,1040,1040,GLBL 225,"Jamal, Malcolm A",3.81
1041,1041,1041,GLBL 240,"Farner, Susan M",3.24
1042,1042,1042,GLBL 296,"Kilgore, James W",3.79
1043,1043,1043,GLBL 296,"Schrag, David M",3.81
1044,1044,1044,GLBL 350,"Kohli, Tanu",3.33
1045,1045,1045,GS 101,"Alvarez, Caitlin M",3.91
1046,1046,1046,GS 101,"Baer, Neil T",3.63
1047,1047,1047,GS 101,"Boten, January A",2.97
1048,1048,1048,GS 101,"Cox, Rodger S",3.515
1049,1049,1049,GS 101,"Ewing, Caroline A",3.42
1050,1050,1050,GS 101,"Farr, Teresa J",3.4349999999999996
1051,1051,1051,GS 101,"Faruque, Afroza S",3.32
1052,1052,1052,GS 101,"Gardiner, Sarah A",3.85
1053,1053,1053,GS 101,"Heinold, Jennifer",3.83
1054,1054,1054,GS 101,"Heintz, Hollie",3.35
1055,1055,1055,GS 101,"Jamal, Malcolm A",3.555
1056,1056,1056,GS 101,"Kaste, Kaitlin M",3.5599999999999996
1057,1057,1057,GS 101,"Kotowski, Jennifer",3.165
1058,1058,1058,GS 101,"McMillion, Desiree Y",3.59
1059,1059,1059,GS 101,"Myers, Michael D",2.76
1060,1060,1060,GS 101,"O'Brien, Nicole P",2.86
1061,1061,1061,GS 101,"Orozco Villican, Moises",3.7
1062,1062,1062,GS 101,"Park, Un Yeong",3.58
1063,1063,1063,GS 101,"Powers, Kimberly",3.66
1064,1064,1064,GS 101,"Robertson, Prince",3.005
1065,1065,1065,GS 101,"Sullivan, Erin",3.46
1066,1066,1066,GS 101,"Surratt, Aaron T",3.2649999999999997
1067,1067,1067,GS 101,"Thoss, Corey",3.55
1068,1068,1068,GS 101,"Turner, Daniel J",3.865
1069,1069,1069,GWS 100,"Cassinelli, Silas M",2.813333333333333
1070,1070,1070,GWS 201,"Brown, Ruth N",3.91
1071,1071,1071,GWS 250,"Kashani, Maryam",3.47
1072,1072,1072,GWS 370,"Ngo, Fiona",3.16
1073,1073,1073,GWS 385,"Asaka, Ikuko",3.56
1074,1074,1074,HDFS 101,"Anderson, Barbara R",3.57
1075,1075,1075,HDFS 101,"Hughes, Robert",3.74
1076,1076,1076,HDFS 105,"Brooks, Jan D",3.73
1077,1077,1077,HDFS 105,"Coba-Rodriguez, Sarai E",3.87
1078,1078,1078,HDFS 120,"Mendez, Shawn N",3.32
1079,1079,1079,HDFS 220,"Raffaelli, Marcela",3.31
1080,1080,1080,HDFS 225,"Kramer, Karen",2.99
1081,1081,1081,HDFS 290,"McElwain, Nancy L",3.19
1082,1082,1082,HDFS 301,"McBride, Brent A",3.12
1083,1083,1083,HDFS 340,"Oswald, Ramona F",3.25
1084,1084,1084,HDFS 401,"Freeman Bost, Kelly K",3.5
1085,1085,1085,HDFS 405,"Frantz, Kelly M",3.39
1086,1086,1086,HDFS 425,"Hardesty, Jennifer L",3.44
1087,1087,1087,HIST 100,"Harbaugh, Anna A",3.5149999999999997
1088,1088,1088,HIST 100,"Keniston, William",3.48
1089,1089,1089,HIST 100,"Rezende Da Silv, Thais",3.513333333333333
1090,1090,1090,HIST 100,"Rogaar, Eva",3.58
1091,1091,1091,HIST 100,"Sanchez, Mark J",3.5949999999999998
1092,1092,1092,HIST 102,"Duncan, Leanna D",3.43
1093,1093,1093,HIST 102,"Thompson, Peter B",3.24
1094,1094,1094,HIST 105,"Brosseder, Claudia R",3.07
1095,1095,1095,HIST 120,"Chen, Xiao",2.36
1096,1096,1096,HIST 120,"McSweeney, Forrest C",2.38
1097,1097,1097,HIST 130,"Ali, Tariq O",3.39
1098,1098,1098,HIST 141,"Adamo, Elizabeth L",3.42
1099,1099,1099,HIST 141,"Anderson, Christopher",3.41
1100,1100,1100,HIST 141,"Huang, Jun",3.28
1101,1101,1101,HIST 142,"Bamberger, Benjamin D",3.596666666666667
1102,1102,1102,HIST 171,"Campbell, Brian",3.41
1103,1103,1103,HIST 172,"Hagedorn, Olivia M",3.42
1104,1104,1104,HIST 172,"Mora, Juan I",3.73
1105,1105,1105,HIST 220,"Chow, Kai-Wing",2.95
1106,1106,1106,HIST 252,"Allen, Ryan",3.36
1107,1107,1107,HIST 258,"Chaplin, Tamara E",3.16
1108,1108,1108,HIST 259,"Ali, Tariq O",3.12
1109,1109,1109,HIST 260,"Koenker, Diane P",3.19
1110,1110,1110,HIST 263,"Reagan, Leslie J",3.44
1111,1111,1111,HIST 264,"Kosovych, Stefan D",3.82
1112,1112,1112,HIST 271,"Schneider, Dorothee",3.12
1113,1113,1113,HIST 286,"Khan, Tariq",3.6
1114,1114,1114,HIST 300,"Fu, Poshek",3.33
1115,1115,1115,HIST 335,"Cuno, Kenneth M",3.31
1116,1116,1116,HIST 380,"Espiritu, Augusto F",3.7
1117,1117,1117,HIST 381,"Harshman, Deirdre R",3.37
1118,1118,1118,HIST 390,"Burgos, Adrian",3.53
1119,1119,1119,HIST 422,"Fu, Poshek",3.34
1120,1120,1120,HIST 439,"Todorova, Maria N",3.46
1121,1121,1121,HORT 100,"Voigt, Thomas B",3.46
1122,1122,1122,HORT 105,"Norton, Margaret A",3.2339999999999995
1123,1123,1123,HORT 106,"Kling, Gary J",3.36
1124,1124,1124,HORT 107,"Noland, Dianne A",3.5525
1125,1125,1125,IB 100,"Chen, Liqing",2.7
1126,1126,1126,IB 105,"Harmon-Threatt, Alexandra",3.54
1127,1127,1127,IB 105,"Punyasena, Surangi W",3.13
1128,1128,1128,IB 150,"Caceres, Carla E",3.77
1129,1129,1129,IB 151,"Jacobs, Thomas W",3.55
1130,1130,1130,IB 199,"Kendall, Katharina D",3.85
1131,1131,1131,IB 204,"Heath, Katy D",2.92
1132,1132,1132,IB 270,"Hansen, Allison K",3.5
1133,1133,1133,IB 360,"Sears, Karen",3.4033333333333338
1134,1134,1134,IB 411,"Alleyne, Marianne",3.2
1135,1135,1135,IB 426,"Cheng-De Vries, Chi-Hing",3.15
1136,1136,1136,IB 463,"Fuller, Becky C",3.75
1137,1137,1137,IB 471,"Miller, Andrew N",3.64
1138,1138,1138,IB 472,"Ming, Ray R",3.72
1139,1139,1139,IB 501,"Catchen, Julian M",3.51
1140,1140,1140,IB 534,"Manaster, Joanne L",3.9
1141,1141,1141,IE 300,"Bhargava, Priyanka",3.21
1142,1142,1142,IE 300,"King, Douglas M",2.92
1143,1143,1143,IE 300,"Sowers, Richard B",3.05
1144,1144,1144,IE 310,"Chandrasekaran, Karthekey",3.58
1145,1145,1145,IE 360,"Marla, Lavanya",3.27
1146,1146,1146,IE 410,"Jacobson, Sheldon H",2.585
1147,1147,1147,IE 411,"Chen, Xin",3.35
1148,1148,1148,IE 412,"King, Douglas M",2.93
1149,1149,1149,IE 430,"Nagi, Rakesh",2.89
1150,1150,1150,IE 522,"Feng, Liming",3.47
1151,1151,1151,IE 523,"Sreenivas, Ramavarapu S",3.59
1152,1152,1152,IE 524,"Wang, Qiong",3.61
1153,1153,1153,IE 529,"Beck, Carolyn L",3.85
1154,1154,1154,IE 598,"Sirignano, Justin A",3.77
1155,1155,1155,IHLT 101,"Frasca, Elizabeth A",3.56
1156,1156,1156,IHLT 102,"Aguayo, Liliana",3.84
1157,1157,1157,IHLT 375,"Bobitt, Julie L",3.92
1158,1158,1158,IHLT 474,"Frasca, Elizabeth A",3.85
1159,1159,1159,IHLT 475,"Frasca, Elizabeth A",3.76
1160,1160,1160,INFO 202,"Kendall, Lori S",2.61
1161,1161,1161,INFO 490,"Brunner, Robert J",3.57
1162,1162,1162,ITAL 103,"Spagnolo, Pierpaolo",3.36
1163,1163,1163,ITAL 240,"Stoppino, Eleonora",3.51
1164,1164,1164,JAPN 201,"Iida, Kazuaki",3.21
1165,1165,1165,JAPN 201,"Silva Fonseca, Marco Aure",2.68
1166,1166,1166,JOUR 199,"McDonald, Jean A",3.64
1167,1167,1167,JOUR 200,"Follis, Jennifer E",3.09
1168,1168,1168,JOUR 205,"Craft, Stephanie L",2.75
1169,1169,1169,JOUR 311,"Holden, Benjamin A",3.5
1170,1170,1170,JOUR 360,"Tate, Alexis M",3.62
1171,1171,1171,KIN 100,"Amjod, Raja M",3.7
1172,1172,1172,KIN 100,"Strom, Dominick A",3.44
1173,1173,1173,KIN 101,"Amjod, Raja M",3.75
1174,1174,1174,KIN 101,"Chaparro, Gioella N",3.96
1175,1175,1175,KIN 102,"Baumgartner, Nicholas W",3.91
1176,1176,1176,KIN 102,"Chung, Hyondo",3.91
1177,1177,1177,KIN 103,"Chaparro, Gioella N",3.75
1178,1178,1178,KIN 104,"Clarke, Caitlin L",3.772307692307692
1179,1179,1179,KIN 109,"Amjod, Raja M",3.74
1180,1180,1180,KIN 109,"Chung, Hyondo",3.86
1181,1181,1181,KIN 109,"Peters, Joseph A",3.85
1182,1182,1182,KIN 111,"Elliott, Jeannette R",3.96
1183,1183,1183,KIN 120,"Scott, Brittany M",3.53
1184,1184,1184,KIN 122,"Kaplan, Justine",3.52
1185,1185,1185,KIN 122,"Kinnett-Hopkins, Dominiqu",3.65
1186,1186,1186,KIN 122,"Wilund, Kenneth",3.06
1187,1187,1187,KIN 125,"Meinert, Cassandra J",3.92
1188,1188,1188,KIN 130,"Carlson, Kristin N",3.46
1189,1189,1189,KIN 130,"Hua, Andrew K",3.78
1190,1190,1190,KIN 140,"Trinh, Linda",2.76
1191,1191,1191,KIN 142,"Haugen, Matthew B",3.5
1192,1192,1192,KIN 150,"Boppart, Marni",3.23
1193,1193,1193,KIN 160,"Shelley, Susan",3.56
1194,1194,1194,KIN 247,"Cohen, Jason D",3.54
1195,1195,1195,KIN 247,"Mullen, Sean P",3.79
1196,1196,1196,KIN 249,"Adamson, Matthew D",3.66
1197,1197,1197,KIN 249,"Littlefield, Melissa M",3.29
1198,1198,1198,KIN 257,"Lopez-Ortiz, Citlali",3.16
1199,1199,1199,KIN 262,"Carlson, Kristin N",2.96
1200,1200,1200,KIN 340,"Petruzzello, Steven J",3.14
1201,1201,1201,KIN 352,"Woods, Jeffrey A",2.94
1202,1202,1202,KIN 355,"Hernandez, Manuel E",3.11
1203,1203,1203,KIN 369,"Crull, Gary S",3.6
1204,1204,1204,KIN 401,"Zhu, Weimo",3.73
1205,1205,1205,KIN 448,"Sebastiao, Emerson",3.2
1206,1206,1206,KIN 451,"Boppart, Marni",3.53
1207,1207,1207,KIN 460,"Killian, Chad M",3.89
1208,1208,1208,KIN 494,"Khan, Naiman A",3.55
1209,1209,1209,KOR 201,"Song, Jinsub",3.84
1210,1210,1210,LA 101,"Hays, David L",3.23
1211,1211,1211,LA 280,"Dharwadker, Aneesha",3.14
1212,1212,1212,LA 370,"Sullivan, William C",3.11
1213,1213,1213,LA 452,"Kraszewska, Katherine T",3.48
1214,1214,1214,LA 470,"Sinha, Amita",3.31
1215,1215,1215,LA 501,"Sears, Stephen M",3.4
1216,1216,1216,LAS 101,"Soranso, Murillo S",3.603896103896104
1217,1217,1217,LAW 301,"Pahre, Jennifer N",3.66
1218,1218,1218,LAW 501,"Vogel, Michael S",3.47
1219,1219,1219,LAW 601,"Tabb, Charles J",3.1950000000000003
1220,1220,1220,LAW 602,"Ross, Richard J",3.205
1221,1221,1221,LAW 603,"Wexler, Lesley M",3.14
1222,1222,1222,LAW 604,"Bilz, Kenworthey",3.21
1223,1223,1223,LAW 604,"Ross, Jacqueline E",3.2
1224,1224,1224,LAW 605,"Leipold, Andrew D",3.4
1225,1225,1225,LAW 607,"Kordik, Ellen R",3.47
1226,1226,1226,LAW 607,"Thomas, Suja A",3.21
1227,1227,1227,LAW 607,"Winship, Verity",3.26
1228,1228,1228,LAW 609,"Alam, Rummana",3.23
1229,1229,1229,LAW 609,"Anderson, Sean M",3.2
1230,1230,1230,LAW 609,"LaGory, Dennis",3.2
1231,1231,1231,LAW 609,"Moritz, Shannon M",3.21
1232,1232,1232,LAW 609,"Schulte, Aylon",3.2
1233,1233,1233,LAW 615,"Rowell, Kristen A",3.38
1234,1234,1234,LAW 627,"Healey, Paul D",3.19
1235,1235,1235,LAW 627,"Jones, Faye",3.17
1236,1236,1236,LAW 627,"Simmons, Heather J",2.9050000000000002
1237,1237,1237,LAW 629,"Lawless, Robert M",3.4
1238,1238,1238,LAW 633,"Aviram, Amitai",3.41
1239,1239,1239,LAW 633,"Sharpe, Nicola F",3.43
1240,1240,1240,LAW 647,"Kaplan, Richard L",3.43
1241,1241,1241,LAW 656,"Boyle, Francis A",3.49
1242,1242,1242,LAW 680,"Kordik, Ellen R",3.39
1243,1243,1243,LAW 682,"Johnson, Eric A",3.39
1244,1244,1244,LAW 686,"Pahre, Jennifer N",3.33
1245,1245,1245,LAW 694,"Beckett, J S",3.35
1246,1246,1246,LAW 792,"Gorman, Jerry",3.4
1247,1247,1247,LAW 792,"Healey, Paul D",3.39
1248,1248,1248,LAW 792,"Lash, Kurt T",3.37
1249,1249,1249,LAW 792,"Miller, Andrea L",3.84
1250,1250,1250,LAW 792,"White, B J",3.83
1251,1251,1251,LAW 794,"Yabe, Kozo",3.43
1252,1252,1252,LAW 796,"Keenan, Patrick J",3.31
1253,1253,1253,LER 100,"Arnold, Dexter P",2.09
1254,1254,1254,LER 100,"Ashby, Steven",2.71
1255,1255,1255,LER 100,"Labarbera-Twaro, Emily",2.33
1256,1256,1256,LER 100,"Sacco, Michael J",2.85
1257,1257,1257,LER 100,"Stewart, Beverly L",1.61
1258,1258,1258,LER 110,"Ashby, Steven",1.61
1259,1259,1259,LER 110,"Saute, Robert",2.17
1260,1260,1260,LER 110,"Schiavone, Michael",1.71
1261,1261,1261,LER 120,"Bybee, Roger",2.59
1262,1262,1262,LER 120,"Hershfield, David",1.52
1263,1263,1263,LER 522,"Leroy, Michael H",3.92
1264,1264,1264,LER 523,"Benton, Richard",3.82
1265,1265,1265,LER 543,"Lamare, James R",3.56
1266,1266,1266,LER 545,"Forsythe, Elizabeth C",3.58
1267,1267,1267,LER 561,"Martocchio, Joseph J",3.88
1268,1268,1268,LER 562,"Wiegand, Justin P",3.56
1269,1269,1269,LER 564,"Martocchio, Joseph J",3.94
1270,1270,1270,LER 565,"Won, Shinjae",3.87
1271,1271,1271,LER 566,"Chen, Ying",3.69
1272,1272,1272,LER 568,"Weaver, Andrew",3.3
1273,1273,1273,LER 569,"Benton, Richard",3.92
1274,1274,1274,LER 590,"Chen, Ying",3.71
1275,1275,1275,LER 590,"Jung, Ji Wook",3.59
1276,1276,1276,LER 590,"Leroy, Michael H",3.93
1277,1277,1277,LER 590,"Martocchio, Joseph J",3.96
1278,1278,1278,LER 590,"Merkin, Steven",3.85
1279,1279,1279,LER 590,"Park, YoungAh",3.85
1280,1280,1280,LER 590,"Weaver, Andrew",3.33
1281,1281,1281,LER 591,"Cardador, Maria T",3.8049999999999997
1282,1282,1282,LER 591,"Kramer, Amit",3.79
1283,1283,1283,LER 593,"Newman, Daniel A",3.675
1284,1284,1284,LING 100,"Goldshtein, Maria",3.1100000000000003
1285,1285,1285,LING 100,"Kimball, Amelia E",3.265
1286,1286,1286,LING 100,"Weissman, Benjamin P",3.08
1287,1287,1287,LING 111,"Catedral, Lydia H",3.57
1288,1288,1288,LING 115,"Mishra, Mithilesh",3.69
1289,1289,1289,LING 210,"Hualde, Jose I",3.64
1290,1290,1290,LING 225,"Tanner, Darren S",2.62
1291,1291,1291,LING 250,"Terkourafi, Marina",3.47
1292,1292,1292,LING 301,"Schreiner, Sylvia L",3.14
1293,1293,1293,LING 302,"Shosted, Ryan K",3.67
1294,1294,1294,LING 307,"Choi, Sea Hee",2.97
1295,1295,1295,LING 401,"Shosted, Ryan K",3.27
1296,1296,1296,LING 402,"Schwartz, Lane O",3.48
1297,1297,1297,LING 426,"Ionin, Tania",2.72
1298,1298,1298,LING 490,"Girju, Corina R",3.9
1299,1299,1299,LIS 351,"Ginger, Jeffrey A",3.67
1300,1300,1300,LIS 446,"Hoiem, Elizabeth F",3.85
1301,1301,1301,LIS 452,"Mughal, Fizza",3.8
1302,1302,1302,LIS 490,"Gough, John P",3.54
1303,1303,1303,LIS 490,"Stodden, Victoria",3.78
1304,1304,1304,LIS 490,"Trainor, Kevin",3.52
1305,1305,1305,LIS 501,"Bonn, Maria S",3.85
1306,1306,1306,LIS 501,"Dubin, David S",3.91
1307,1307,1307,LIS 501,"Smith, Linda C",3.95
1308,1308,1308,LIS 502,"LaBarre, Kathryn A",3.93
1309,1309,1309,LIS 504,"Holba Puacz, Jeanne T",3.95
1310,1310,1310,LIS 504,"LeCrone, Jessica M",3.87
1311,1311,1311,LIS 505,"Wong, Melissa A",3.86
1312,1312,1312,LIS 506,"Tilley, Carol L",3.935
1313,1313,1313,LIS 531,"Thompson, Cheryl A",3.6
1314,1314,1314,LIS 542,"Stodden, Victoria",3.77
1315,1315,1315,LIS 543,"McDonough, Jerome P",3.61
1316,1316,1316,LIS 561,"Dubin, David S",3.63
1317,1317,1317,LIS 567,"Wong, Melissa A",3.74
1318,1318,1318,LIS 569,"Burger, Robert H",3.64
1319,1319,1319,LIS 581,"Salrin, Melissa M",3.94
1320,1320,1320,LIS 581,"Voss, Anke",3.9
1321,1321,1321,LIS 582,"Teper, Jennifer H",3.77
1322,1322,1322,LIS 590,"Diesner, Jana",3.91
1323,1323,1323,LLS 100,"Madarieta, Ethan",3.43
1324,1324,1324,LLS 220,"Ortiz, Lisa",2.85
1325,1325,1325,LLS 230,"Glisch-Sanchez, David L",3.35
1326,1326,1326,LLS 240,"Diaz-Kozlowski, Tanya",3.47
1327,1327,1327,LLS 242,"Coyoca, Wilfred D",3.15
1328,1328,1328,LLS 385,"Viruell-Fuentes, Edna A",2.95
1329,1329,1329,LLS 392,"Dowling, Julie",3.36
1330,1330,1330,MACS 100,"Ciafone, Amanda M",3.58
1331,1331,1331,MACS 100,"Faust, Ted R",3.63
1332,1332,1332,MACS 100,"McSwain, Megan",3.55
1333,1333,1333,MACS 100,"Metzger, Megan M",3.646666666666667
1334,1334,1334,MACS 100,"Peng, Anqi",3.4000000000000004
1335,1335,1335,MACS 100,"Ross, David W",3.3499999999999996
1336,1336,1336,MACS 100,"Strain, Gary T",3.5
1337,1337,1337,MACS 101,"Ahn, Sungyong",3.58
1338,1338,1338,MACS 101,"Kristensen, Morten Stinus",3.585
1339,1339,1339,MACS 101,"Prieto Nanez, Fabian M",3.6449999999999996
1340,1340,1340,MACS 101,"Robinson, Jessica L",3.745
1341,1341,1341,MACS 203,"Turnock, Julie",3.69
1342,1342,1342,MACS 261,"Kozma, Alicia",2.9
1343,1343,1343,MACS 264,"Kozma, Alicia",3.56
1344,1344,1344,MACS 317,"Hay, James W",3.01
1345,1345,1345,MACS 320,"Valkanova, Dora R",2.96
1346,1346,1346,MACS 326,"Paredes, Veronica A",3.68
1347,1347,1347,MACS 351,"Reisner, Ann E",2.85
1348,1348,1348,MACS 356,"Ruehlicke, Andrea",3.32
1349,1349,1349,MACS 361,"Kozma, Alicia",3.28
1350,1350,1350,MATH 103,"Hoffmeister, April M",2.933333333333333
1351,1351,1351,MATH 112,"Johnson, Rebecca L",2.32
1352,1352,1352,MATH 112,"Reddy, Alison",2.66
1353,1353,1353,MATH 115,"Johnson, Rebecca L",2.24
1354,1354,1354,MATH 115,"McNeilly, Jennifer R",2.395
1355,1355,1355,MATH 115,"Sisneros-Thiry, Simone C",2.24
1356,1356,1356,MATH 124,"Longfield, Stephen J",3.06
1357,1357,1357,MATH 124,"Romney, Matthew D",2.66
1358,1358,1358,MATH 124,"Wolbert, Seth P",2.755
1359,1359,1359,MATH 125,"Folwaczny, Lena C",2.8049999999999997
1360,1360,1360,MATH 125,"Muncaster, Robert G",2.62
1361,1361,1361,MATH 181,"Delcourt, Michelle J",3.41
1362,1362,1362,MATH 181,"Malik, Amita",3.26
1363,1363,1363,MATH 199,"Lanius, Melinda D",3.89
1364,1364,1364,MATH 199,"Loeb, Sarah J",3.55
1365,1365,1365,MATH 199,"Monical, Cara P",3.95
1366,1366,1366,MATH 2,"Johnson, Rebecca L",2.17
1367,1367,1367,MATH 210,"Wang, Ying",3.32
1368,1368,1368,MATH 213,"Ivanov, Sergei V",3.135
1369,1369,1369,MATH 213,"Xiao, Ming",3.27
1370,1370,1370,MATH 220,"Murphy, Robert F",2.4566666666666666
1371,1371,1371,MATH 220,"Yager, Derrek J",2.7
1372,1372,1372,MATH 221,"Anema, Jason A",2.8433333333333337
1373,1373,1373,MATH 221,"Guzman, Rosemary K",2.725
1374,1374,1374,MATH 225,"Bradlow, Steven B",2.635
1375,1375,1375,MATH 231,"Ahlgren, Scott D",2.85
1376,1376,1376,MATH 231,"DeVille, Robert E",2.99
1377,1377,1377,MATH 231,"Duursma, Iwan M",2.485
1378,1378,1378,MATH 241,"Dunfield, Nathan M",2.92
1379,1379,1379,MATH 241,"Miller, Alexander R",3.4800000000000004
1380,1380,1380,MATH 241,"Oikhberg, Timur",3.215
1381,1381,1381,MATH 241,"Pascaleff, James",2.8099999999999996
1382,1382,1382,MATH 241,"Tolman, Susan",2.81
1383,1383,1383,MATH 241,"Whittlesey, Kim",2.85
1384,1384,1384,MATH 285,"Manfroi, Aldo J",3.0549999999999997
1385,1385,1385,MATH 285,"Muncaster, Robert G",3.05
1386,1386,1386,MATH 286,"Berwick Evans, Daniel",2.825
1387,1387,1387,MATH 299,"DeVille, Robert E",2.99
1388,1388,1388,MATH 347,"Heller, Jeremiah B",2.73
1389,1389,1389,MATH 347,"Kim, Sun",2.52
1390,1390,1390,MATH 347,"Kutzarova-Ford, Denka N",3.2800000000000002
1391,1391,1391,MATH 347,"Walsberg, Erik D",3.08
1392,1392,1392,MATH 403,"Mineyev, Igor",3.33
1393,1393,1393,MATH 410,"Sowers, Richard B",2.85
1394,1394,1394,MATH 412,"Balog, Jozsef",2.31
1395,1395,1395,MATH 413,"Yong, Alexander N",3.06
1396,1396,1396,MATH 415,"Contreras Palac, Ivan G",2.995
1397,1397,1397,MATH 415,"Hieronymi, Philipp C",3.03
1398,1398,1398,MATH 416,"Borman, Matthew S",2.72
1399,1399,1399,MATH 416,"Kerman, Ely",2.69
1400,1400,1400,MATH 416,"Mortensen, Karen P",2.91
1401,1401,1401,MATH 417,"Dutta, Sankar P",2.68
1402,1402,1402,MATH 417,"Tramel, Rebecca",3.1849999999999996
1403,1403,1403,MATH 417,"Wyser, Benjamin J",2.8
1404,1404,1404,MATH 424,"Reznick, Bruce A",3.72
1405,1405,1405,MATH 427,"Lerman, Eugene M",3.23
1406,1406,1406,MATH 441,"La Nave, Gabriele",2.73
1407,1407,1407,MATH 442,"Xu, Samantha",2.61
1408,1408,1408,MATH 444,"Hinkkanen, Aimo H",3.69
1409,1409,1409,MATH 444,"Li, Xiaochun",3.38
1410,1410,1410,MATH 444,"Nikolaev, Igor G",3.33
1411,1411,1411,MATH 446,"D'Angelo, John P",2.91
1412,1412,1412,MATH 447,"Erdogan, Mehmet B",3.14
1413,1413,1413,MATH 447,"Lerman, Eugene M",3.12
1414,1414,1414,MATH 453,"Samart, Detchat",3.22
1415,1415,1415,MATH 453,"Zaharescu, Alexandru",3.52
1416,1416,1416,MATH 461,"Hirani, Anil N",2.9299999999999997
1417,1417,1417,MATH 461,"Martinez Robles, Jaime Ni",2.97
1418,1418,1418,MATH 471,"Li, Shu",2.9749999999999996
1419,1419,1419,MATH 476,"Li, Shu",2.86
1420,1420,1420,MATH 476,"Wang, Jing",3.09
1421,1421,1421,MATH 482,"Molla, Theodore",3.5300000000000002
1422,1422,1422,MATH 484,"Miller, Alexander R",2.74
1423,1423,1423,MATH 489,"Rapti, Zoi",3.08
1424,1424,1424,MATH 500,"Loja Fernandes, Rui A",3.48
1425,1425,1425,MATH 540,"Laugesen, Richard S",3.56
1426,1426,1426,MATH 564,"Kirkpatrick, Kay L",3.72
1427,1427,1427,MATH 567,"Wang, Jing",3.44
1428,1428,1428,MATH 580,"Balog, Jozsef",3.74
1429,1429,1429,MBA 501,"Kwon, Hyok-Jon D",3.45
1430,1430,1430,MBA 501,"Loewenstein, Jeffrey",3.33
1431,1431,1431,MBA 501,"Noel, Hayden N",3.75
1432,1432,1432,MBA 501,"Trotman, Kenneth T",3.5
1433,1433,1433,MBA 501,"Vazquez, Jose J",3.78
1434,1434,1434,MBA 502,"Anand, Gopesh J",3.35
1435,1435,1435,MBA 502,"Bednar, Michael K",3.57
1436,1436,1436,MBA 502,"Noel, Hayden N",3.81
1437,1437,1437,MBA 502,"Rybka, Kathryn M",3.31
1438,1438,1438,MCB 100,"Chapman, Kenneth",2.83
1439,1439,1439,MCB 101,"Chapman, Kenneth",3.39
1440,1440,1440,MCB 150,"Reedy, Melissa M",2.72
1441,1441,1441,MCB 170,"Anastasio, Thomas J",3.56
1442,1442,1442,MCB 199,"Reedy, Melissa M",3.42
1443,1443,1443,MCB 244,"Brown, Chester M",2.54
1444,1444,1444,MCB 245,"Swigart, James P",2.1331578947368426
1445,1445,1445,MCB 250,"Kirchner, Nicholas C",2.87125
1446,1446,1446,MCB 251,"Kirchner, Nicholas C",3.718888888888889
1447,1447,1447,MCB 253,"Good, Elizabeth A",3.52
1448,1448,1448,MCB 297,"Slauch, James M",3.84
1449,1449,1449,MCB 300,"Metcalf, William W",2.92
1450,1450,1450,MCB 301,"Alt, Renee L",3.0760000000000005
1451,1451,1451,MCB 314,"Nelson, Mark E",2.89
1452,1452,1452,MCB 354,"Stenger, Alejandra L",2.7375000000000003
1453,1453,1453,MCB 400,"Prasanth, Supriya G",3.21
1454,1454,1454,MCB 401,"Grosman, Claudio F",3.25
1455,1455,1455,MCB 413,"Raetzman, Lori T",3.07
1456,1456,1456,MCB 426,"Wilson, Brenda A",2.93
1457,1457,1457,MCB 428,"Ikeda, Jack S",3.27
1458,1458,1458,MCB 436,"Wilson, Brenda A",3.97
1459,1459,1459,MCB 450,"Orlean, Peter A",2.86
1460,1460,1460,MCB 461,"Chung, Hee Jung",3.66
1461,1461,1461,MCB 471,"Brieher, William M",3.43
1462,1462,1462,MCB 501,"Imlay, James A",3.53
1463,1463,1463,MCB 502,"Freeman, Brian C",3.41
1464,1464,1464,MDIA 100,"Parrott, Julian D",3.37
1465,1465,1465,MDIA 199,"Parrott, Julian D",3.35
1466,1466,1466,MDIA 290,"McDonald, Jean A",3.17
1467,1467,1467,MDIA 370,"Gilliland, Mary L",3.91
1468,1468,1468,MDIA 390,"Johnson, Brian K",3.54
1469,1469,1469,ME 170,"Philpott, Michael L",3.9
1470,1470,1470,ME 199,"Philpott, Michael L",3.95
1471,1471,1471,ME 270,"Flachsbart, Bruce R",3.09
1472,1472,1472,ME 300,"Hutchens, Shelby",3.06
1473,1473,1473,ME 300,"Lee, Tonghun",3.2
1474,1474,1474,ME 310,"Aluru, Narayana R",3.08
1475,1475,1475,ME 310,"Pantano-Rubino, Carlos A",2.97
1476,1476,1476,ME 320,"Jacobi, Anthony M",2.85
1477,1477,1477,ME 320,"Pearlstein, Arne J",2.82
1478,1478,1478,ME 330,"Downing, Stephen D",3.81
1479,1479,1479,ME 330,"Jasiuk, Iwona M",3.23
1480,1480,1480,ME 340,"LaViers Minnick, Amy E",3.56
1481,1481,1481,ME 340,"Salapaka, Srinivasa M",3.42
1482,1482,1482,ME 360,"Bentsman, Joseph",3.2
1483,1483,1483,ME 360,"Dullerud, Geir E",2.97
1484,1484,1484,ME 360,"Toussaint, Kimani C",3.69
1485,1485,1485,ME 370,"van der Zande, Arend",3.5
1486,1486,1486,ME 371,"Dunn, Alison C",3.54
1487,1487,1487,ME 371,"Kim, Seok",3.54
1488,1488,1488,ME 403,"Lee, Chia-Fon",3.53
1489,1489,1489,ME 420,"Traina, Nicholas A",3.61
1490,1490,1490,ME 430,"Tawfick, Sameh H",3.54
1491,1491,1491,ME 451,"Kapoor, Shiv G",3.67
1492,1492,1492,ME 461,"Block, Daniel J",3.89
1493,1493,1493,ME 470,"Johnson, Blake E",3.81
1494,1494,1494,ME 471,"James, Kai",3.21
1495,1495,1495,ME 482,"Wagoner Johnson, Amy J",3.71
1496,1496,1496,ME 487,"Mensing, Glennys A",3.39
1497,1497,1497,MSE 101,"Goodman, Matthew D",3.65
1498,1498,1498,MSE 182,"Huang, Pinshane",3.52
1499,1499,1499,MSE 201,"Das Neves Barbo, Cecilia",3.5
1500,1500,1500,MSE 280,"Goodman, Matthew D",3.15
1501,1501,1501,MSE 307,"Shang, Jian K",3.33
1502,1502,1502,MSE 396,"Cahill, David G",3.93
1503,1503,1503,MSE 401,"Dillon, Shen J",3.1
1504,1504,1504,MSE 403,"Shoemaker, Daniel P",3.06
1505,1505,1505,MSE 404,"Ferguson, Andrew",3.48
1506,1506,1506,MSE 406,"Maass, Christoph R",2.95
1507,1507,1507,MSE 443,"Bellon, Pascal",3.35
1508,1508,1508,MSE 453,"Reifschneider, Louis",3.0
1509,1509,1509,MSE 456,"Sottos, Nancy R",3.12
1510,1510,1510,MSE 457,"Evans, Christopher",3.66
1511,1511,1511,MSE 470,"Kilian, Kristopher",3.41
1512,1512,1512,MSE 485,"Ceperley, David M",3.44
1513,1513,1513,MSE 489,"Abelson, John R",3.81
1514,1514,1514,MSE 500,"Schweizer, Kenneth S",3.62
1515,1515,1515,MUS 103,"Livengood, Kerrith",3.07
1516,1516,1516,MUS 110,"Wilson, Steven A",3.37
1517,1517,1517,MUS 130,"Praeger, Ulrike",3.43
1518,1518,1518,MUS 133,"Deja, Richard M",3.5700000000000003
1519,1519,1519,MUS 243,"Kruse, Adam J",3.78
1520,1520,1520,MUS 250,"Bergonzi, Louis S",3.95
1521,1521,1521,MUS 263,"Coleman, Barrington L",3.8
1522,1522,1522,MUS 268,"Peterson, Stephen",3.95
1523,1523,1523,MUS 269,"Peterson, Elizabeth B",3.92
1524,1524,1524,MUS 271,"Houser, Barry L",3.92
1525,1525,1525,MUS 272,"Sugg, William T",3.91
1526,1526,1526,MUS 313,"Macklin, Christopher B",2.36
1527,1527,1527,MUS 333,"Bergonzi, Louis S",2.67
1528,1528,1528,MUS 335,"Nichols, Jeananne B",3.11
1529,1529,1529,MUS 346,"Sweet, Bridget M",3.7
1530,1530,1530,MUS 348,"Solya, Andrea",3.95
1531,1531,1531,MUS 408,"Tipei, Sever",3.32
1532,1532,1532,MUS 418,"Silvers, Michael B",3.73
1533,1533,1533,MUS 439,"Gallo, Donna",3.2
1534,1534,1534,MUS 499,"McNeill, Charles L",3.9
1535,1535,1535,MUS 501,"Praeger, Ulrike",3.4
1536,1536,1536,MUSE 200,"Aben, Kathrina",3.71
1537,1537,1537,NPRE 100,"Stubbins, James F",3.7
1538,1538,1538,NPRE 201,"Stubbins, James F",3.5650000000000004
1539,1539,1539,NPRE 247,"Kozlowski, Tomasz",2.48
1540,1540,1540,NPRE 402,"Ragheb, Magdi",3.56
1541,1541,1541,NPRE 412,"Huff, Kathryn D",3.07
1542,1542,1542,NPRE 431,"Heuser, Brent J",3.07
1543,1543,1543,NPRE 432,"Heuser, Brent J",3.79
1544,1544,1544,NPRE 446,"Zhang, Yang",3.59
1545,1545,1545,NPRE 448,"Brooks, Caleb",2.43
1546,1546,1546,NPRE 457,"Ragheb, Magdi",3.79
1547,1547,1547,NPRE 481,"Roy, William R",3.56
1548,1548,1548,NPRE 501,"Uddin, Rizwan",3.36
1549,1549,1549,NRES 100,"Kelly, Janice K",3.44
1550,1550,1550,NRES 102,"Kent, Angela D",2.97
1551,1551,1551,NRES 102,"Ugarte, Carmen M",3.1
1552,1552,1552,NRES 201,"Mulvaney, Richard L",2.67
1553,1553,1553,NRES 219,"Yannarell, Anthony",3.03
1554,1554,1554,NRES 348,"Ward, Michael P",3.34
1555,1555,1555,NRES 419,"Matthews, Jeffrey W",3.12
1556,1556,1556,NRES 429,"Suski, Cory D",3.17
1557,1557,1557,NRES 454,"Allan, Kingsley M",3.68
1558,1558,1558,NRES 454,"Fraterrigo, Jennifer M",3.14
1559,1559,1559,NRES 593,"Benson, Thomas J",3.55
1560,1560,1560,NS 101,"Verone, Alec J",3.82
1561,1561,1561,NUTR 510,"Swanson, Kelly S",3.52
1562,1562,1562,NUTR 561,"Nakamura, Manabu T",3.94
1563,1563,1563,PHIL 100,"Currie, Brittney C",3.12
1564,1564,1564,PHIL 100,"Rokosz, Steven D",3.09
1565,1565,1565,PHIL 101,"Ben Moshe, Nir",3.05
1566,1566,1566,PHIL 101,"Keller, James",3.365
1567,1567,1567,PHIL 102,"Edwards, Adam D",3.295
1568,1568,1568,PHIL 102,"Gilbert, David R",2.87
1569,1569,1569,PHIL 102,"Ross, Ryan D",3.43
1570,1570,1570,PHIL 104,"Varden, Helga",3.0
1571,1571,1571,PHIL 105,"Varden, Helga",2.74
1572,1572,1572,PHIL 107,"Bryan, Benjamin A",3.52
1573,1573,1573,PHIL 202,"Gilbert, David R",2.83
1574,1574,1574,PHIL 203,"Newton, Alexandra M",3.2
1575,1575,1575,PHIL 206,"Weinberg, Shelley E",3.11
1576,1576,1576,PHIL 230,"Sussman, David G",3.39
1577,1577,1577,PHIL 250,"Bryan, Benjamin A",3.23
1578,1578,1578,PHIL 435,"Murphy, Colleen",2.93
1579,1579,1579,PHIL 441,"Sussman, David G",3.13
1580,1580,1580,PHYS 100,"Lundsgaard, Morten",3.04
1581,1581,1581,PHYS 101,"Mestre, Jose",2.775
1582,1582,1582,PHYS 102,"Kuehn, Seppe",2.54
1583,1583,1583,PHYS 140,"El-Khadra, Aida X",3.17
1584,1584,1584,PHYS 150,"Filippini, Jeffrey P",2.89
1585,1585,1585,PHYS 199,"Gollin, George D",3.74
1586,1586,1586,PHYS 211,"Selen, Mats A",3.0066666666666664
1587,1587,1587,PHYS 212,"Grosse Perdekam, Matthias",2.8499999999999996
1588,1588,1588,PHYS 212,"Hooberman, Benjamin",2.825
1589,1589,1589,PHYS 213,"Gadway, Bryce",2.9000000000000004
1590,1590,1590,PHYS 214,"Gadway, Bryce",3.0
1591,1591,1591,PHYS 225,"Gollin, George D",3.45
1592,1592,1592,PHYS 325,"Makins, Naomi C",3.1
1593,1593,1593,PHYS 326,"Adshead, Peter J",2.79
1594,1594,1594,PHYS 401,"Colla, Eugene V",3.07
1595,1595,1595,PHYS 402,"Abbamonte, Peter M",3.43
1596,1596,1596,PHYS 403,"Colla, Eugene V",3.95
1597,1597,1597,PHYS 404,"Giannetta, Russell W",3.12
1598,1598,1598,PHYS 419,"Weaver, Christopher G",2.56
1599,1599,1599,PHYS 427,"Chemla, Yann R",2.98
1600,1600,1600,PHYS 435,"Willenbrock, Scott S",2.96
1601,1601,1601,PHYS 436,"Neubauer, Mark",3.42
1602,1602,1602,PHYS 460,"MacDougall, Gregory",2.54
1603,1603,1603,PHYS 475,"Selvin, Paul R",3.28
1604,1604,1604,PHYS 485,"Martinez Outsch, Verena I",3.02
1605,1605,1605,PHYS 486,"Beck, Douglas H",3.06
1606,1606,1606,PHYS 487,"Wiss, James E",3.58
1607,1607,1607,PHYS 508,"Stone, Michael",3.39
1608,1608,1608,PHYS 580,"Clark, Bryan K",3.37
1609,1609,1609,PHYS 582,"Fradkin, Eduardo H",3.58
1610,1610,1610,PLPA 200,"Eastburn, Darin M",3.28
1611,1611,1611,PLPA 407,"Mideros Mora, Santiago X",3.27
1612,1612,1612,POL 115,"Gasyna, George Z",3.79
1613,1613,1613,PS 100,"Evans, Jillian E",3.68
1614,1614,1614,PS 100,"Kourtikakis, Konstantinos",3.2
1615,1615,1615,PS 100,"Ksiazkiewicz, Aleksander",3.36
1616,1616,1616,PS 100,"Lassi, Thomas L",3.49
1617,1617,1617,PS 101,"Selin, Jennifer L",2.07
1618,1618,1618,PS 101,"Sin, Gisela",3.23
1619,1619,1619,PS 101,"Uhall, Michael B",3.7
1620,1620,1620,PS 199,"Johnson, Timothy V",3.58
1621,1621,1621,PS 202,"Rudolph, Thomas J",3.32
1622,1622,1622,PS 220,"Ashley, Jeffrey S",2.7
1623,1623,1623,PS 224,"Neville, Audrey C",3.42
1624,1624,1624,PS 240,"Burke, Amanda E",3.33
1625,1625,1625,PS 241,"Livny, Avital",2.96
1626,1626,1626,PS 241,"Morelock, Jessica L",2.66
1627,1627,1627,PS 270,"Miller, Benjamin M",3.45
1628,1628,1628,PS 280,"Chaudoin, Robert S",2.64
1629,1629,1629,PS 280,"Nagashima, Daniel",3.73
1630,1630,1630,PS 280,"Pack, Tyler J",3.17
1631,1631,1631,PS 301,"Uribe-McGuire, Alicia B",2.94
1632,1632,1632,PS 303,"Sin, Gisela",3.29
1633,1633,1633,PS 312,"Althaus, Scott",2.42
1634,1634,1634,PS 321,"Hinchliffe, Joseph",2.62
1635,1635,1635,PS 390,"Rumsey, Jessie G",2.9
1636,1636,1636,PSM 501,"Bosecker, Natalie B",3.91
1637,1637,1637,PSYC 100,"Srull, Thomas K",2.93
1638,1638,1638,PSYC 100,"Travis, Lisa L",2.8433333333333333
1639,1639,1639,PSYC 103,"Irwin, David E",3.1
1640,1640,1640,PSYC 105,"Travis, Lisa L",3.53
1641,1641,1641,PSYC 201,"Albarracin, Dolores",2.926
1642,1642,1642,PSYC 204,"Dolcos, Sanda M",3.4
1643,1643,1643,PSYC 210,"Juraska, Janice M",2.75
1644,1644,1644,PSYC 216,"Fisher, Cynthia L",2.96
1645,1645,1645,PSYC 224,"Federmeier, Kara D",2.93
1646,1646,1646,PSYC 230,"Lleras Buetti, Simona",3.43
1647,1647,1647,PSYC 235,"Wang, Michelle Y",2.9
1648,1648,1648,PSYC 238,"Lyubansky, Mikhail",3.494444444444445
1649,1649,1649,PSYC 239,"Allen, Nicole E",3.59
1650,1650,1650,PSYC 245,"Newman, Daniel A",3.14
1651,1651,1651,PSYC 248,"Sahakyan, Lili",2.6
1652,1652,1652,PSYC 250,"Derringer, Jaime L",3.04
1653,1653,1653,PSYC 312,"Lyubansky, Mikhail",3.1
1654,1654,1654,PSYC 333,"Cohen, Dov",3.17
1655,1655,1655,PSYC 336,"Cohen, Joseph R",3.36
1656,1656,1656,PSYC 336,"Fairbairn, Catharine E",3.59
1657,1657,1657,PSYC 336,"Hunter, Carla D",3.51
1658,1658,1658,PSYC 350,"Fraley, Robert C",3.63
1659,1659,1659,PSYC 353,"Srull, Thomas K",3.11
1660,1660,1660,PSYC 357,"Hummel, John E",2.37
1661,1661,1661,PSYC 363,"Shenouda, Christine K",3.43
1662,1662,1662,PSYC 403,"Schwarb, Hillary D",3.47
1663,1663,1663,PSYC 406,"Koehn, Hans F",3.95
1664,1664,1664,PSYC 417,"Liang, Nu-Chu",3.77
1665,1665,1665,PSYC 433,"Rhodes, Justin S",2.96
1666,1666,1666,PSYC 465,"Bub, Kristen L",3.33
1667,1667,1667,PSYC 468,"Miller, Andrea L",3.57
1668,1668,1668,PSYC 475,"Phan, Wei Ming Jonath",2.96
1669,1669,1669,PSYC 514,"Hummel, John E",3.62
1670,1670,1670,REHB 330,"Rice, Laura A",3.62
1671,1671,1671,REHB 402,"Strauser, David R",2.88
1672,1672,1672,RHET 233,"Quintana Wulf, Isabel",2.91
1673,1673,1673,RHET 233,"Shelledy, Maggie J",3.41
1674,1674,1674,RLST 101,"Layton, Richard A",3.2
1675,1675,1675,RLST 104,"Averkamp, Courtney A",3.21
1676,1676,1676,RLST 104,"Guragain, Mamata",3.13
1677,1677,1677,RLST 104,"Reinke, Joshua M",2.95
1678,1678,1678,RLST 108,"Rosenstock, Bruce",3.8
1679,1679,1679,RLST 110,"Davis, Luke R",3.143333333333333
1680,1680,1680,RLST 110,"Harris, David I",3.505
1681,1681,1681,RLST 110,"Jones, Hannah Gene K",3.2300000000000004
1682,1682,1682,RLST 110,"Kurisu, Sheri-Lynn S",3.3899999999999997
1683,1683,1683,RLST 110,"Nielsen, Cameron C",3.11
1684,1684,1684,RLST 110,"Scheele, Genevieve V",3.2899999999999996
1685,1685,1685,RLST 132,"Mayer, Alexander L",3.72
1686,1686,1686,RLST 236,"Ebel, Jonathan H",3.11
1687,1687,1687,RST 100,"Shinew, Kimberly J",3.1
1688,1688,1688,RST 101,"Pyrz, Patty S",2.88
1689,1689,1689,RST 130,"Raycraft, Michael",3.13
1690,1690,1690,RST 199,"Liechty, Toni",3.1
1691,1691,1691,RST 199,"Payne, Laura",3.3
1692,1692,1692,RST 199,"Raycraft, Michael",3.94
1693,1693,1693,RST 199,"Ruddell, Jennifer L",3.53
1694,1694,1694,RST 199,"Wheeler, Stephanie L",3.74
1695,1695,1695,RST 200,"Hardin, Donald R",3.21
1696,1696,1696,RST 217,"Lizzo, Robin D",3.34
1697,1697,1697,RST 230,"Stodolska, Monika",2.98
1698,1698,1698,RST 242,"Lum, Clinton S",3.4699999999999998
1699,1699,1699,RST 255,"Hardin, Donald R",2.7750000000000004
1700,1700,1700,RST 300,"Wachter, Cynthia J",3.53
1701,1701,1701,RST 316,"Morris, Lynn B",3.16
1702,1702,1702,RST 320,"Raycraft, Michael",3.59
1703,1703,1703,RST 330,"Wachter, Cynthia J",2.87
1704,1704,1704,RST 340,"Deterding, Robyn M",3.79
1705,1705,1705,RST 354,"Emkes, Kyle J",2.7
1706,1706,1706,RST 370,"Berdychevsky Ku, Yelyzave",3.3
1707,1707,1707,RST 410,"da Costa Cardos, Nuno F",2.72
1708,1708,1708,RST 420,"Lizzo, Robin D",3.58
1709,1709,1709,RST 429,"Stewart, William P",2.91
1710,1710,1710,RST 480,"Lizzo, Robin D",3.5
1711,1711,1711,SCAN 225,"Safstrom, Mark D",3.54
1712,1712,1712,SCAN 251,"Stoeckl, Stephanie J",3.4399999999999995
1713,1713,1713,SHS 120,"Channell, Marie M",2.96
1714,1714,1714,SHS 120,"Wachtel, Jayne M",3.5100000000000002
1715,1715,1715,SHS 121,"Haring, Donald L",3.0
1716,1716,1716,SHS 150,"Gooler, David M",2.7
1717,1717,1717,SHS 170,"Mudar, Raksha",3.58
1718,1718,1718,SHS 222,"Davies Brenier, Laura",3.89
1719,1719,1719,SHS 222,"Lowrie, Lauren N",3.76
1720,1720,1720,SHS 270,"Rispoli, Matthew",3.83
1721,1721,1721,SHS 271,"Mudar, Raksha",3.67
1722,1722,1722,SHS 280,"Aronoff, Justin E",3.21
1723,1723,1723,SHS 300,"Loucks, Torrey M",2.76
1724,1724,1724,SHS 320,"Rispoli, Matthew",3.68
1725,1725,1725,SHS 375,"Cetin, Patricia D",3.8266666666666667
1726,1726,1726,SHS 383,"Hahn, Laura J",3.59
1727,1727,1727,SHS 431,"Yedvobnick, Danielle M",3.72
1728,1728,1728,SHS 450,"Gooler, David M",3.29
1729,1729,1729,SHS 451,"Chambers, Lou",3.24
1730,1730,1730,SHS 511,"Mendes, Clarion C",3.79
1731,1731,1731,SHS 532,"Johnson, Cynthia J",3.94
1732,1732,1732,SHS 533,"Channell, Marie M",3.89
1733,1733,1733,SHS 534,"Hengst, Julie A",3.82
1734,1734,1734,SHS 577,"Olson, Jaime L",3.9
1735,1735,1735,SOC 100,"Baker, Phyllis L",3.1
1736,1736,1736,SOC 100,"Delanthamajalu, Shwetha",3.1500000000000004
1737,1737,1737,SOC 100,"Gifford, Heather M",3.05
1738,1738,1738,SOC 100,"Liu, Zhao",3.2533333333333334
1739,1739,1739,SOC 100,"McLean, Shay Akil",3.2249999999999996
1740,1740,1740,SOC 100,"Steward, Daniel J",3.72
1741,1741,1741,SOC 100,"Teimourigerdeh, Amirhosse",3.1333333333333333
1742,1742,1742,SOC 100,"Yoon, Soo-Yeon",3.17
1743,1743,1743,SOC 160,"Holtzclaw-Stone, Heather",3.43
1744,1744,1744,SOC 162,"VanHeuvelen, Jane",3.41
1745,1745,1745,SOC 200,"McDermott, Monica",3.44
1746,1746,1746,SOC 225,"Moussawi, Ghassan",2.87
1747,1747,1747,SOC 226,"Leicht, Kevin",3.33
1748,1748,1748,SOC 270,"Buckley, Cynthia",2.72
1749,1749,1749,SOC 275,"Morrow, Rebecca L",2.97
1750,1750,1750,SOC 350,"Steward, Daniel J",3.63
1751,1751,1751,SOC 373,"Van Heuvelen, Thomas A",3.39
1752,1752,1752,SOC 380,"Schneider, Matthew J",3.1799999999999997
1753,1753,1753,SOC 480,"McDermott, Monica",2.96
1754,1754,1754,SOCW 101,"Lindsey, Brenda C",3.25
1755,1755,1755,SOCW 200,"Earls Larrison, Tara",2.8049999999999997
1756,1756,1756,SOCW 225,"Hamdy, Hany S",2.88
1757,1757,1757,SOCW 240,"Manselle, Tonya L",3.23
1758,1758,1758,SOCW 297,"Balgopal, Anita A",3.89
1759,1759,1759,SOCW 300,"Carter-Black, Janet D",3.425
1760,1760,1760,SOCW 321,"Isserman, Noah J",3.79
1761,1761,1761,SOCW 380,"Wilson Smith, Carol J",3.83
1762,1762,1762,SOCW 400,"Bragg, Mary",3.71
1763,1763,1763,SOCW 401,"Wilson Smith, Carol J",3.8049999999999997
1764,1764,1764,SOCW 403,"Keenan, Kimberly A",3.75
1765,1765,1765,SOCW 410,"Lavizzo, Mia",3.97
1766,1766,1766,SOCW 410,"Tabb Dina, Karen M",3.77
1767,1767,1767,SOCW 410,"Wegmann, Kate M",3.83
1768,1768,1768,SOCW 416,"Lindsey, Brenda C",3.44
1769,1769,1769,SOCW 420,"Windsor, Liliane",3.72
1770,1770,1770,SOCW 427,"Zhan, Min",3.68
1771,1771,1771,SOCW 451,"Cintron, Valerie",3.55
1772,1772,1772,SOCW 451,"Havlicek, Judith R",3.68
1773,1773,1773,SOCW 509,"Ostler, Teresa A",3.95
1774,1774,1774,SOCW 509,"Washo, Christine A",3.61
1775,1775,1775,SOCW 541,"Li, Hong",3.54
1776,1776,1776,SOCW 542,"Crowell, Dennis J",3.83
1777,1777,1777,SOCW 542,"Mulvey, Philip W",3.44
1778,1778,1778,SOCW 552,"Cruickshank, Debra L",3.73
1779,1779,1779,SOCW 552,"Ostler, Teresa A",3.89
1780,1780,1780,SOCW 552,"Shea, Timothy M",3.77
1781,1781,1781,SOCW 561,"Egizio, Lori L",3.8
1782,1782,1782,SOCW 589,"Halloran, John T",3.83
1783,1783,1783,SOCW 589,"Kopels, Sandra L",3.745
1784,1784,1784,SPAN 252,"Jegerski, Jill",3.79
1785,1785,1785,SPAN 308,"Mostacero Pinil, Cristina",3.71
1786,1786,1786,SPED 117,"Bentz, Johnell L",3.44
1787,1787,1787,SPED 117,"Light Shriner, Cheryl L",3.88
1788,1788,1788,SPED 322,"Light Shriner, Cheryl L",3.65
1789,1789,1789,SPED 405,"Bentz, Johnell L",3.855
1790,1790,1790,SPED 405,"Drew, Jolene G",3.74
1791,1791,1791,SPED 405,"Light Shriner, Cheryl L",3.81
1792,1792,1792,SPED 440,"Meadan-Kaplansk, Hedda",3.81
1793,1793,1793,SPED 450,"Hughes, Mary-Alayne",3.9
1794,1794,1794,STAT 100,"Fireman, Ellen S",3.34
1795,1795,1795,STAT 100,"Hurwitt, Steven J",2.95
1796,1796,1796,STAT 100,"Laska, Karle A",3.335
1797,1797,1797,STAT 200,"Fireman, Ellen S",3.49
1798,1798,1798,STAT 200,"Kinson, Christopher L",2.94
1799,1799,1799,STAT 200,"Xue, Fei",3.32
1800,1800,1800,STAT 200,"Yao, Shun",3.04
1801,1801,1801,STAT 212,"Simpson, Douglas G",3.33
1802,1802,1802,STAT 212,"Zhao, Sihai D",3.24
1803,1803,1803,STAT 400,"Culpepper, Steven A",3.285
1804,1804,1804,STAT 400,"Dalpiaz, David M",3.07
1805,1805,1805,STAT 400,"Ravat, Uma V",3.2
1806,1806,1806,STAT 409,"Stepanov, Alexey G",3.14
1807,1807,1807,STAT 410,"Douglas, Jeffrey A",3.38
1808,1808,1808,STAT 410,"Li, Bo",3.34
1809,1809,1809,STAT 410,"Liang, Feng",3.12
1810,1810,1810,STAT 420,"Dalpiaz, David M",3.72
1811,1811,1811,STAT 420,"Stepanov, Alexey G",3.63
1812,1812,1812,STAT 420,"Unger, David",3.49
1813,1813,1813,STAT 425,"Liang, Feng",3.84
1814,1814,1814,STAT 425,"Narisetty, Naveennaidu",3.18
1815,1815,1815,STAT 425,"Park, Trevor H",3.36
1816,1816,1816,STAT 428,"Ravat, Uma V",3.31
1817,1817,1817,STAT 429,"Guerrier, Stephane",3.37
1818,1818,1818,STAT 430,"Brunner, Robert J",3.54
1819,1819,1819,STAT 430,"Park, Trevor H",3.69
1820,1820,1820,STAT 430,"Stodden, Victoria",3.68
1821,1821,1821,STAT 430,"Zhao, Sihai D",3.06
1822,1822,1822,STAT 440,"Unger, David",3.92
1823,1823,1823,STAT 443,"Glosemeyer, Darren W",3.39
1824,1824,1824,STAT 448,"Chan, Serena S",3.705
1825,1825,1825,STAT 448,"Glosemeyer, Darren W",3.55
1826,1826,1826,STAT 510,"Shao, Xiaofeng",3.4
1827,1827,1827,STAT 542,"Zhu, Ruoqing",3.81
1828,1828,1828,STAT 571,"Shao, Xiaofeng",3.6
1829,1829,1829,STAT 578,"Guerrier, Stephane",3.73
1830,1830,1830,TAM 195,"Johnson, Blake E",3.44
1831,1831,1831,TAM 210,"Juarez, Gabriel",2.59
1832,1832,1832,TAM 210,"Kersh, Mariana E",2.75
1833,1833,1833,TAM 211,"Juarez, Gabriel",2.53
1834,1834,1834,TAM 211,"Kersh, Mariana E",2.6
1835,1835,1835,TAM 212,"West, Matthew",2.79
1836,1836,1836,TAM 251,"Sohn, Mariana S",2.81
1837,1837,1837,TAM 335,"Keane, Richard D",2.81
1838,1838,1838,TAM 451,"Johnson, Harley T",3.0
1839,1839,1839,TAM 461,"Wang, Ning",3.72
1840,1840,1840,TAM 470,"Fischer, Paul",3.34
1841,1841,1841,TAM 541,"Dankowicz, Harry",3.39
1842,1842,1842,TAM 551,"Tortorelli, Daniel A",3.7
1843,1843,1843,TE 298,"Litchfield, J B",3.38
1844,1844,1844,THEA 100,"Ciofalo, Terry A",3.75
1845,1845,1845,THEA 101,"Morrissette, Jason W",3.6192592592592594
1846,1846,1846,THEA 102,"Miller, Thomas J",3.78
1847,1847,1847,THEA 110,"Morrissette, Jason W",3.87
1848,1848,1848,THEA 170,"Morrissette, Jason W",3.39
1849,1849,1849,THEA 208,"Robinson, Valleri J",3.75
1850,1850,1850,THEA 360,"Davis, Peter A",2.44
1851,1851,1851,TSM 100,"Harper, Joe G",2.27
1852,1852,1852,TSM 232,"Harper, Joe G",2.82
1853,1853,1853,TSM 233,"Harper, Joe G",2.65
1854,1854,1854,TSM 311,"Rodriguez, Luis F",3.63
1855,1855,1855,TSM 372,"Wang, Xinlei",3.1
1856,1856,1856,TSM 422,"Petrea, Robert E",3.37
1857,1857,1857,TSM 435,"Bhalerao, Kaustubh",3.29
1858,1858,1858,TSM 438,"Wang, Xinlei",3.18
1859,1859,1859,UP 101,"Greenlee, Andrew J",3.15
1860,1860,1860,UP 201,"Edwards, Mary M",3.75
1861,1861,1861,UP 211,"Tyler, Elizabeth H",3.56
1862,1862,1862,UP 312,"Chakraborty, Arnab",3.23
1863,1863,1863,UP 330,"Doussard, Marc J",3.47
1864,1864,1864,UP 345,"Rost, Craig",3.49
1865,1865,1865,UP 418,"McMillan, Andrew J",3.7
1866,1866,1866,UP 423,"Miraftab, Faranak",3.68
1867,1867,1867,UP 430,"Morocoima de Bl, Rita A",3.59
1868,1868,1868,UP 504,"Wilson, Beverly K",3.69
1869,1869,1869,VCM 660,"Stewart, Matthew C",3.59
1870,1870,1870,VM 602,"Mahoney, Megan M",2.61
1871,1871,1871,VM 605,"Zuckermann, Federico A",2.52
1872,1872,1872,VM 607,"Maddox, Carol W",2.83
1873,1873,1873,VM 609,"Hamor, Ralph E",2.74
1874,1874,1874,VM 610,"Selmic, Laura",2.61
1875,1875,1875,VM 620,"Ballantyne, Kelly C",3.86
1876,1876,1876,YDSH 220,"Harris, Rachel S",3.56
1877,1877,1877,YDSH 320,"Anderson Bliss, Jennifer",3.37
